-- MySQL dump 10.13  Distrib 8.0.42, for Win64 (x86_64)
--
-- Host: localhost    Database: zaszlo
-- ------------------------------------------------------
-- Server version	8.0.42

/*!40101 SET @OLD_CHARACTER_SET_CLIENT=@@CHARACTER_SET_CLIENT */;
/*!40101 SET @OLD_CHARACTER_SET_RESULTS=@@CHARACTER_SET_RESULTS */;
/*!40101 SET @OLD_COLLATION_CONNECTION=@@COLLATION_CONNECTION */;
/*!50503 SET NAMES utf8mb4 */;
/*!40103 SET @OLD_TIME_ZONE=@@TIME_ZONE */;
/*!40103 SET TIME_ZONE='+00:00' */;
/*!40014 SET @OLD_UNIQUE_CHECKS=@@UNIQUE_CHECKS, UNIQUE_CHECKS=0 */;
/*!40014 SET @OLD_FOREIGN_KEY_CHECKS=@@FOREIGN_KEY_CHECKS, FOREIGN_KEY_CHECKS=0 */;
/*!40101 SET @OLD_SQL_MODE=@@SQL_MODE, SQL_MODE='NO_AUTO_VALUE_ON_ZERO' */;
/*!40111 SET @OLD_SQL_NOTES=@@SQL_NOTES, SQL_NOTES=0 */;

--
-- Table structure for table `anyagok`
--

DROP TABLE IF EXISTS `anyagok`;
/*!40101 SET @saved_cs_client     = @@character_set_client */;
/*!50503 SET character_set_client = utf8mb4 */;
CREATE TABLE `anyagok` (
  `id` int NOT NULL AUTO_INCREMENT,
  `anyag` varchar(50) COLLATE utf8mb4_hungarian_ci DEFAULT NULL,
  `szorzo` float DEFAULT NULL,
  PRIMARY KEY (`id`)
) ENGINE=InnoDB AUTO_INCREMENT=5 DEFAULT CHARSET=utf8mb4 COLLATE=utf8mb4_hungarian_ci;
/*!40101 SET character_set_client = @saved_cs_client */;

--
-- Dumping data for table `anyagok`
--

LOCK TABLES `anyagok` WRITE;
/*!40000 ALTER TABLE `anyagok` DISABLE KEYS */;
INSERT INTO `anyagok` VALUES (1,'poliészter',1),(2,'selyem',1.5),(3,'nylon',2),(4,'rPET',2);
/*!40000 ALTER TABLE `anyagok` ENABLE KEYS */;
UNLOCK TABLES;

--
-- Table structure for table `fizetesi_mod`
--

DROP TABLE IF EXISTS `fizetesi_mod`;
/*!40101 SET @saved_cs_client     = @@character_set_client */;
/*!50503 SET character_set_client = utf8mb4 */;
CREATE TABLE `fizetesi_mod` (
  `id` int NOT NULL AUTO_INCREMENT,
  `nev` varchar(50) COLLATE utf8mb4_hungarian_ci DEFAULT NULL,
  PRIMARY KEY (`id`)
) ENGINE=InnoDB AUTO_INCREMENT=4 DEFAULT CHARSET=utf8mb4 COLLATE=utf8mb4_hungarian_ci;
/*!40101 SET character_set_client = @saved_cs_client */;

--
-- Dumping data for table `fizetesi_mod`
--

LOCK TABLES `fizetesi_mod` WRITE;
/*!40000 ALTER TABLE `fizetesi_mod` DISABLE KEYS */;
INSERT INTO `fizetesi_mod` VALUES (1,'kézpénz'),(2,'kártya');
/*!40000 ALTER TABLE `fizetesi_mod` ENABLE KEYS */;
UNLOCK TABLES;

--
-- Temporary view structure for view `getall`
--

DROP TABLE IF EXISTS `getall`;
/*!50001 DROP VIEW IF EXISTS `getall`*/;
SET @saved_cs_client     = @@character_set_client;
/*!50503 SET character_set_client = utf8mb4 */;
/*!50001 CREATE VIEW `getall` AS SELECT 
 1 AS `id`,
 1 AS `meret`,
 1 AS `anyag`,
 1 AS `orszag`,
 1 AS `kontinens`*/;
SET character_set_client = @saved_cs_client;

--
-- Table structure for table `kapcsolo_zaszlok`
--

DROP TABLE IF EXISTS `kapcsolo_zaszlok`;
/*!40101 SET @saved_cs_client     = @@character_set_client */;
/*!50503 SET character_set_client = utf8mb4 */;
CREATE TABLE `kapcsolo_zaszlok` (
  `id` int NOT NULL AUTO_INCREMENT,
  `zaszlo_id` int DEFAULT NULL,
  `szamla_id` int DEFAULT NULL,
  `darab` int DEFAULT NULL,
  PRIMARY KEY (`id`),
  KEY `FK_kapcsolo_zaszlok_zaszlo_id` (`zaszlo_id`),
  KEY `FK_kapcsolo_zaszlok_szamla_id` (`szamla_id`),
  CONSTRAINT `FK_kapcsolo_zaszlok_szamla_id` FOREIGN KEY (`szamla_id`) REFERENCES `szamla` (`szamla_id`) ON DELETE CASCADE ON UPDATE CASCADE,
  CONSTRAINT `FK_kapcsolo_zaszlok_zaszlo_id` FOREIGN KEY (`zaszlo_id`) REFERENCES `zaszlok` (`id`) ON DELETE CASCADE ON UPDATE CASCADE
) ENGINE=InnoDB AUTO_INCREMENT=22 DEFAULT CHARSET=utf8mb4 COLLATE=utf8mb4_hungarian_ci;
/*!40101 SET character_set_client = @saved_cs_client */;

--
-- Dumping data for table `kapcsolo_zaszlok`
--

LOCK TABLES `kapcsolo_zaszlok` WRITE;
/*!40000 ALTER TABLE `kapcsolo_zaszlok` DISABLE KEYS */;
INSERT INTO `kapcsolo_zaszlok` VALUES (1,826,1,3),(2,811,2,67),(3,26,2,41),(4,20,3,4),(5,477,4,1),(6,750,5,2),(7,734,6,2),(8,250,6,3),(12,21,10,5),(13,712,7,200),(14,15,8,4),(15,11,9,15),(16,600,7,160),(17,999,11,1),(18,16,12,1),(19,75,13,8),(20,1190,14,1),(21,1481,14,1);
/*!40000 ALTER TABLE `kapcsolo_zaszlok` ENABLE KEYS */;
UNLOCK TABLES;

--
-- Table structure for table `kontinensek`
--

DROP TABLE IF EXISTS `kontinensek`;
/*!40101 SET @saved_cs_client     = @@character_set_client */;
/*!50503 SET character_set_client = utf8mb4 */;
CREATE TABLE `kontinensek` (
  `id` int NOT NULL AUTO_INCREMENT,
  `kontinens` varchar(30) COLLATE utf8mb4_hungarian_ci DEFAULT NULL,
  PRIMARY KEY (`id`)
) ENGINE=InnoDB AUTO_INCREMENT=8 DEFAULT CHARSET=utf8mb4 COLLATE=utf8mb4_hungarian_ci;
/*!40101 SET character_set_client = @saved_cs_client */;

--
-- Dumping data for table `kontinensek`
--

LOCK TABLES `kontinensek` WRITE;
/*!40000 ALTER TABLE `kontinensek` DISABLE KEYS */;
INSERT INTO `kontinensek` VALUES (1,'Afrika'),(2,'Európa'),(3,'Ázsia'),(4,'Észak-Amerika'),(5,'Dél-Amerika'),(6,'Óceánia'),(7,'Antarktisz');
/*!40000 ALTER TABLE `kontinensek` ENABLE KEYS */;
UNLOCK TABLES;

--
-- Table structure for table `meretek`
--

DROP TABLE IF EXISTS `meretek`;
/*!40101 SET @saved_cs_client     = @@character_set_client */;
/*!50503 SET character_set_client = utf8mb4 */;
CREATE TABLE `meretek` (
  `id` int NOT NULL AUTO_INCREMENT,
  `meret` varchar(50) COLLATE utf8mb4_hungarian_ci DEFAULT NULL,
  `szorzo` float DEFAULT NULL,
  PRIMARY KEY (`id`)
) ENGINE=InnoDB AUTO_INCREMENT=6 DEFAULT CHARSET=utf8mb4 COLLATE=utf8mb4_hungarian_ci;
/*!40101 SET character_set_client = @saved_cs_client */;

--
-- Dumping data for table `meretek`
--

LOCK TABLES `meretek` WRITE;
/*!40000 ALTER TABLE `meretek` DISABLE KEYS */;
INSERT INTO `meretek` VALUES (1,'60x40cm',1),(2,'90x60cm',1.2),(3,'150x90cm',1.5),(4,'200x100cm',2),(5,'300x150cm',3);
/*!40000 ALTER TABLE `meretek` ENABLE KEYS */;
UNLOCK TABLES;

--
-- Table structure for table `orszagok`
--

DROP TABLE IF EXISTS `orszagok`;
/*!40101 SET @saved_cs_client     = @@character_set_client */;
/*!50503 SET character_set_client = utf8mb4 */;
CREATE TABLE `orszagok` (
  `id` int NOT NULL AUTO_INCREMENT,
  `orszag` varchar(200) COLLATE utf8mb4_hungarian_ci DEFAULT NULL,
  `kont_Id` int DEFAULT NULL,
  PRIMARY KEY (`id`),
  KEY `FK_orszagok_kont_Id` (`kont_Id`),
  CONSTRAINT `FK_orszagok_kont_Id` FOREIGN KEY (`kont_Id`) REFERENCES `kontinensek` (`id`)
) ENGINE=InnoDB AUTO_INCREMENT=194 DEFAULT CHARSET=utf8mb4 COLLATE=utf8mb4_hungarian_ci;
/*!40101 SET character_set_client = @saved_cs_client */;

--
-- Dumping data for table `orszagok`
--

LOCK TABLES `orszagok` WRITE;
/*!40000 ALTER TABLE `orszagok` DISABLE KEYS */;
INSERT INTO `orszagok` VALUES (1,'Afganisztán',3),(2,'Albánia',2),(3,'Algéria',1),(4,'Andorra',2),(5,'Angola',1),(6,'Antigua és Barbuda',4),(7,'Argentína',5),(8,'Örményország',3),(9,'Ausztrália',6),(10,'Ausztria',2),(11,'Azerbajdzsán',3),(12,'Bahama-szigetek',4),(13,'Bahrein',3),(14,'Banglades',3),(15,'Barbados',4),(16,'Fehéroroszország',2),(17,'Belgium',2),(18,'Belize',4),(19,'Benin',1),(20,'Bhután',3),(21,'Bolívia',5),(22,'Bosznia és Hercegovina',2),(23,'Botswana',1),(24,'Brazília',5),(25,'Brunei',3),(26,'Bulgária',2),(27,'Burkina Faso',1),(28,'Burundi',1),(29,'Côte d’Ivoire',1),(30,'Kambodzsa',3),(31,'Kamerun',1),(32,'Kanada',4),(33,'Zöld-foki Köztársaság',1),(34,'Közép-afrikai Köztársaság',1),(35,'Csád',1),(36,'Chile',5),(37,'Kína',3),(38,'Kolumbia',5),(39,'Komorok',1),(40,'Kongo, Demokratikus Köztársaság',1),(41,'Kongo, Köztársaság',1),(42,'Costa Rica',4),(43,'Horvátország',2),(44,'Kuba',4),(45,'Ciprus',3),(46,'Csehország',2),(47,'Dánia',2),(48,'Dzsibuti',1),(49,'Dominika',4),(50,'Dominikai Köztársaság',4),(51,'Ecuador',5),(52,'Egyiptom',1),(53,'El Salvador',4),(54,'Egyenlítői-Guinea',1),(55,'Eritrea',1),(56,'Észtország',2),(57,'Eswatini',1),(58,'Etiópia',1),(59,'Fiji',6),(60,'Finnország',2),(61,'Franciaország',2),(62,'Gabon',1),(63,'Gambia',1),(64,'Grúzia',3),(65,'Németország',2),(66,'Ghána',1),(67,'Görögország',2),(68,'Grenada',4),(69,'Guatemala',4),(70,'Guinea',1),(71,'Guinea-Bissau',1),(72,'Guyana',5),(73,'Haiti',4),(74,'Honduras',4),(75,'Magyarország',2),(76,'Izland',2),(77,'India',3),(78,'Indonézia',3),(79,'Irán',3),(80,'Irak',3),(81,'Írország',2),(82,'Izrael',3),(83,'Olaszország',2),(84,'Jamaica',4),(85,'Japán',3),(86,'Jordánia',3),(87,'Kazahsztán',3),(88,'Kenya',1),(89,'Kiribati',6),(90,'Kuvait',3),(91,'Kirgizisztán',3),(92,'Laosz',3),(93,'Lettország',2),(94,'Libanon',3),(95,'Lesotho',1),(96,'Libéria',1),(97,'Líbia',1),(98,'Liechtenstein',2),(99,'Litvánia',2),(100,'Luxemburg',2),(101,'Észak-Macedónia',2),(102,'Madagaszkár',1),(103,'Malawi',1),(104,'Malajzia',3),(105,'Maldív-szigetek',3),(106,'Mali',1),(107,'Málta',2),(108,'Marshall-szigetek',6),(109,'Mauritánia',1),(110,'Mauritius',1),(111,'Mexikó',4),(112,'Mikronézia',6),(113,'Moldova',2),(114,'Monaco',2),(115,'Mongólia',3),(116,'Montenegró',2),(117,'Marokkó',1),(118,'Mozambik',1),(119,'Mianmar',3),(120,'Namíbia',1),(121,'Nauru',6),(122,'Nepál',3),(123,'Hollandia',2),(124,'Új-Zéland',6),(125,'Nicaragua',4),(126,'Niger',1),(127,'Nigéria',1),(128,'Észak-Korea',3),(129,'Norvégia',2),(130,'Omán',3),(131,'Pakisztán',3),(132,'Palau',6),(133,'Panama',4),(134,'Pápua Új-Guinea',6),(135,'Paraguay',5),(136,'Peru',5),(137,'Fülöp-szigetek',3),(138,'Lengyelország',2),(139,'Portugália',2),(140,'Katar',3),(141,'Románia',2),(142,'Oroszország',2),(143,'Ruanda',1),(144,'Szent Kitts és Nevis',4),(145,'Saint Lucia',4),(146,'Saint Vincent és a Grenadine‑szigetek',4),(147,'Samoa',6),(148,'San Marino',2),(149,'Sao Tomé és Príncipe',1),(150,'Szaúd-Arábia',3),(151,'Szenegál',1),(152,'Szerbia',2),(153,'Seychelles',1),(154,'Sierra Leone',1),(155,'Szingapúr',3),(156,'Szlovákia',2),(157,'Szlovénia',2),(158,'Salamon-szigetek',6),(159,'Szomália',1),(160,'Dél-Afrika',1),(161,'Dél-Korea',3),(162,'Dél-Szudán',1),(163,'Spanyolország',2),(164,'Sri Lanka',3),(165,'Szudán',1),(166,'Suriname',5),(167,'Svédország',2),(168,'Svájc',2),(169,'Szíria',3),(170,'Tádzsikisztán',3),(171,'Tanzánia',1),(172,'Thaiföld',3),(173,'Togo',1),(174,'Tonga',6),(175,'Trinidad és Tobago',4),(176,'Tunézia',1),(177,'Törökország',3),(178,'Türkmenisztán',3),(179,'Tuvalu',6),(180,'Uganda',1),(181,'Ukrajna',2),(182,'Egyesült Arab Emírségek',3),(183,'Egyesült Királyság',2),(184,'Egyesült Államok',4),(185,'Uruguay',5),(186,'Üzbegisztán',3),(187,'Vanuatu',6),(188,'Vatikán',2),(189,'Venezuela',5),(190,'Vietnam',3),(191,'Jemen',3),(192,'Zambia',1),(193,'Zimbabwe',1);
/*!40000 ALTER TABLE `orszagok` ENABLE KEYS */;
UNLOCK TABLES;

--
-- Table structure for table `szamla`
--

DROP TABLE IF EXISTS `szamla`;
/*!40101 SET @saved_cs_client     = @@character_set_client */;
/*!50503 SET character_set_client = utf8mb4 */;
CREATE TABLE `szamla` (
  `szamla_id` int NOT NULL AUTO_INCREMENT,
  `fizetesi_mod` int DEFAULT NULL,
  `teljesites_kelte` date DEFAULT NULL,
  `szamla_kelte` date DEFAULT NULL,
  `fizetesi_hatarido` date DEFAULT NULL,
  `vevo_id` int DEFAULT NULL,
  `szamlaszam` varchar(30) COLLATE utf8mb4_hungarian_ci DEFAULT NULL,
  PRIMARY KEY (`szamla_id`),
  KEY `FK_szamla_fizetesi_mod` (`fizetesi_mod`),
  KEY `FK_szamla_vevo_id` (`vevo_id`),
  CONSTRAINT `FK_szamla_fizetesi_mod` FOREIGN KEY (`fizetesi_mod`) REFERENCES `fizetesi_mod` (`id`) ON DELETE CASCADE ON UPDATE CASCADE,
  CONSTRAINT `FK_szamla_vevo_id` FOREIGN KEY (`vevo_id`) REFERENCES `vevo` (`id`) ON DELETE CASCADE ON UPDATE CASCADE
) ENGINE=InnoDB AUTO_INCREMENT=15 DEFAULT CHARSET=utf8mb4 COLLATE=utf8mb4_hungarian_ci;
/*!40101 SET character_set_client = @saved_cs_client */;

--
-- Dumping data for table `szamla`
--

LOCK TABLES `szamla` WRITE;
/*!40000 ALTER TABLE `szamla` DISABLE KEYS */;
INSERT INTO `szamla` VALUES (1,1,'2025-10-20','2025-10-20','2025-10-27',1,'2025/1'),(2,2,'2025-10-20','2025-10-20','2025-10-27',2,'2025/2'),(3,1,'2025-10-20','2025-10-20','2025-10-31',3,'2025/3'),(4,2,'2025-10-20','2025-10-20','2025-10-27',4,'2025/4'),(5,2,'2025-10-20','2025-10-20','2025-10-27',5,'2025/5'),(6,1,'2025-10-21','2025-10-21','2025-10-28',6,'2025/6'),(7,1,'2025-10-22','2025-10-22','2025-10-29',11,'2025/7'),(8,2,'2025-10-22','2025-10-22','2025-10-31',12,'2025/8'),(9,1,'2025-10-22','2025-10-22','2025-10-27',9,'2025/9'),(10,1,'2025-10-22','2025-10-22','2025-10-30',8,'2025/10'),(11,1,'2025-10-22','2025-10-22','2025-11-30',13,'2025/11'),(12,1,'2025-05-13','2025-05-13','2025-08-08',10,'2025/12'),(13,2,'2025-05-05','2025-05-05','2025-05-30',9,'2025/13'),(14,2,'2025-11-04','2025-11-04','2025-11-11',14,'2025/14');
/*!40000 ALTER TABLE `szamla` ENABLE KEYS */;
UNLOCK TABLES;

--
-- Table structure for table `vevo`
--

DROP TABLE IF EXISTS `vevo`;
/*!40101 SET @saved_cs_client     = @@character_set_client */;
/*!50503 SET character_set_client = utf8mb4 */;
CREATE TABLE `vevo` (
  `id` int NOT NULL AUTO_INCREMENT,
  `nev` varchar(100) COLLATE utf8mb4_hungarian_ci DEFAULT NULL,
  `lakcim` varchar(150) COLLATE utf8mb4_hungarian_ci DEFAULT NULL,
  `adoszam` varchar(50) COLLATE utf8mb4_hungarian_ci DEFAULT NULL,
  PRIMARY KEY (`id`)
) ENGINE=InnoDB AUTO_INCREMENT=15 DEFAULT CHARSET=utf8mb4 COLLATE=utf8mb4_hungarian_ci;
/*!40101 SET character_set_client = @saved_cs_client */;

--
-- Dumping data for table `vevo`
--

LOCK TABLES `vevo` WRITE;
/*!40000 ALTER TABLE `vevo` DISABLE KEYS */;
INSERT INTO `vevo` VALUES (1,'Kerekes Ádám','5420 Túrkeve Molnár utca 1',NULL),(2,'Csala Martin','5400 Mezőtúr Futó utca 17',NULL),(3,'Tóth-Takács András','5082 Tiszatenyő Táncsics Mihály utca 2',NULL),(4,'Kiss Lajos','5400 Mezőtúr Széna utca 16',NULL),(5,'Húrkeve KFT.','5420 Túrkeve Petőfi utca 4','12180439-2-41'),(6,'Kiss Pál','5400 Mezőtúr Petőfi tér 1','3292611'),(7,'Muzsai Tamás','5400 Mezőtúr munkás utca 34',NULL),(8,'F. Tóth Lajos','5310 Kisujszállás Kossuth utca 3',NULL),(9,'Laktatos Lajos','5600 Békéscsaba Május 1 utca 67',NULL),(10,'Tóth Gréta','8000 Székesfehérvár Vas utca 26',NULL),(11,'motherson hungary - SMR','5420 Túrkeve kisujszállási utca 52/b','83758375-5-22'),(12,'Kádárné Cserepes Jolán','2360 Gyál Aradi utca 72',NULL),(13,'Bartos Cs. István','8000 Székesfehérvár akácfa utca 42',NULL),(14,'Sipos József','5400 Mezőtúr Szabadság Tér 24/4 3.em.11',NULL);
/*!40000 ALTER TABLE `vevo` ENABLE KEYS */;
UNLOCK TABLES;

--
-- Temporary view structure for view `view1`
--

DROP TABLE IF EXISTS `view1`;
/*!50001 DROP VIEW IF EXISTS `view1`*/;
SET @saved_cs_client     = @@character_set_client;
/*!50503 SET character_set_client = utf8mb4 */;
/*!50001 CREATE VIEW `view1` AS SELECT 
 1 AS `nev`,
 1 AS `lakcim`,
 1 AS `adoszam`,
 1 AS `szamla_kelte`,
 1 AS `orszag`,
 1 AS `meret`,
 1 AS `anyag`,
 1 AS `darab`,
 1 AS `szamlaszam`*/;
SET character_set_client = @saved_cs_client;

--
-- Temporary view structure for view `view3`
--

DROP TABLE IF EXISTS `view3`;
/*!50001 DROP VIEW IF EXISTS `view3`*/;
SET @saved_cs_client     = @@character_set_client;
/*!50503 SET character_set_client = utf8mb4 */;
/*!50001 CREATE VIEW `view3` AS SELECT 
 1 AS `id`,
 1 AS `orszag`,
 1 AS `kontinens`,
 1 AS `zaszlok_szama`*/;
SET character_set_client = @saved_cs_client;

--
-- Table structure for table `zaszlok`
--

DROP TABLE IF EXISTS `zaszlok`;
/*!40101 SET @saved_cs_client     = @@character_set_client */;
/*!50503 SET character_set_client = utf8mb4 */;
CREATE TABLE `zaszlok` (
  `id` int NOT NULL AUTO_INCREMENT,
  `meret` int DEFAULT NULL,
  `anyag` int DEFAULT NULL,
  `orszagId` int DEFAULT NULL,
  PRIMARY KEY (`id`),
  KEY `FK_zaszlok_meret` (`meret`),
  KEY `FK_zaszlok_anyag` (`anyag`),
  KEY `FK_zaszlok_orszagId` (`orszagId`),
  CONSTRAINT `FK_zaszlok_anyag` FOREIGN KEY (`anyag`) REFERENCES `anyagok` (`id`) ON DELETE CASCADE ON UPDATE CASCADE,
  CONSTRAINT `FK_zaszlok_meret` FOREIGN KEY (`meret`) REFERENCES `meretek` (`id`) ON DELETE CASCADE ON UPDATE CASCADE,
  CONSTRAINT `FK_zaszlok_orszagId` FOREIGN KEY (`orszagId`) REFERENCES `orszagok` (`id`) ON DELETE CASCADE ON UPDATE CASCADE
) ENGINE=InnoDB AUTO_INCREMENT=3861 DEFAULT CHARSET=utf8mb4 COLLATE=utf8mb4_hungarian_ci;
/*!40101 SET character_set_client = @saved_cs_client */;

--
-- Dumping data for table `zaszlok`
--

LOCK TABLES `zaszlok` WRITE;
/*!40000 ALTER TABLE `zaszlok` DISABLE KEYS */;
INSERT INTO `zaszlok` VALUES (1,1,1,1),(2,1,2,1),(3,1,3,1),(4,1,4,1),(5,2,1,1),(6,2,2,1),(7,2,3,1),(8,2,4,1),(9,3,1,1),(10,3,2,1),(11,3,3,1),(12,3,4,1),(13,4,1,1),(14,4,2,1),(15,4,3,1),(16,4,4,1),(17,5,1,1),(18,5,2,1),(19,5,3,1),(20,5,4,1),(21,1,1,2),(22,1,2,2),(23,1,3,2),(24,1,4,2),(25,2,1,2),(26,2,2,2),(27,2,3,2),(28,2,4,2),(29,3,1,2),(30,3,2,2),(31,3,3,2),(32,3,4,2),(33,4,1,2),(34,4,2,2),(35,4,3,2),(36,4,4,2),(37,5,1,2),(38,5,2,2),(39,5,3,2),(40,5,4,2),(41,1,1,3),(42,1,2,3),(43,1,3,3),(44,1,4,3),(45,2,1,3),(46,2,2,3),(47,2,3,3),(48,2,4,3),(49,3,1,3),(50,3,2,3),(51,3,3,3),(52,3,4,3),(53,4,1,3),(54,4,2,3),(55,4,3,3),(56,4,4,3),(57,5,1,3),(58,5,2,3),(59,5,3,3),(60,5,4,3),(61,1,1,4),(62,1,2,4),(63,1,3,4),(64,1,4,4),(65,2,1,4),(66,2,2,4),(67,2,3,4),(68,2,4,4),(69,3,1,4),(70,3,2,4),(71,3,3,4),(72,3,4,4),(73,4,1,4),(74,4,2,4),(75,4,3,4),(76,4,4,4),(77,5,1,4),(78,5,2,4),(79,5,3,4),(80,5,4,4),(81,1,1,5),(82,1,2,5),(83,1,3,5),(84,1,4,5),(85,2,1,5),(86,2,2,5),(87,2,3,5),(88,2,4,5),(89,3,1,5),(90,3,2,5),(91,3,3,5),(92,3,4,5),(93,4,1,5),(94,4,2,5),(95,4,3,5),(96,4,4,5),(97,5,1,5),(98,5,2,5),(99,5,3,5),(100,5,4,5),(101,1,1,6),(102,1,2,6),(103,1,3,6),(104,1,4,6),(105,2,1,6),(106,2,2,6),(107,2,3,6),(108,2,4,6),(109,3,1,6),(110,3,2,6),(111,3,3,6),(112,3,4,6),(113,4,1,6),(114,4,2,6),(115,4,3,6),(116,4,4,6),(117,5,1,6),(118,5,2,6),(119,5,3,6),(120,5,4,6),(121,1,1,7),(122,1,2,7),(123,1,3,7),(124,1,4,7),(125,2,1,7),(126,2,2,7),(127,2,3,7),(128,2,4,7),(129,3,1,7),(130,3,2,7),(131,3,3,7),(132,3,4,7),(133,4,1,7),(134,4,2,7),(135,4,3,7),(136,4,4,7),(137,5,1,7),(138,5,2,7),(139,5,3,7),(140,5,4,7),(141,1,1,8),(142,1,2,8),(143,1,3,8),(144,1,4,8),(145,2,1,8),(146,2,2,8),(147,2,3,8),(148,2,4,8),(149,3,1,8),(150,3,2,8),(151,3,3,8),(152,3,4,8),(153,4,1,8),(154,4,2,8),(155,4,3,8),(156,4,4,8),(157,5,1,8),(158,5,2,8),(159,5,3,8),(160,5,4,8),(161,1,1,9),(162,1,2,9),(163,1,3,9),(164,1,4,9),(165,2,1,9),(166,2,2,9),(167,2,3,9),(168,2,4,9),(169,3,1,9),(170,3,2,9),(171,3,3,9),(172,3,4,9),(173,4,1,9),(174,4,2,9),(175,4,3,9),(176,4,4,9),(177,5,1,9),(178,5,2,9),(179,5,3,9),(180,5,4,9),(181,1,1,10),(182,1,2,10),(183,1,3,10),(184,1,4,10),(185,2,1,10),(186,2,2,10),(187,2,3,10),(188,2,4,10),(189,3,1,10),(190,3,2,10),(191,3,3,10),(192,3,4,10),(193,4,1,10),(194,4,2,10),(195,4,3,10),(196,4,4,10),(197,5,1,10),(198,5,2,10),(199,5,3,10),(200,5,4,10),(201,1,1,11),(202,1,2,11),(203,1,3,11),(204,1,4,11),(205,2,1,11),(206,2,2,11),(207,2,3,11),(208,2,4,11),(209,3,1,11),(210,3,2,11),(211,3,3,11),(212,3,4,11),(213,4,1,11),(214,4,2,11),(215,4,3,11),(216,4,4,11),(217,5,1,11),(218,5,2,11),(219,5,3,11),(220,5,4,11),(221,1,1,12),(222,1,2,12),(223,1,3,12),(224,1,4,12),(225,2,1,12),(226,2,2,12),(227,2,3,12),(228,2,4,12),(229,3,1,12),(230,3,2,12),(231,3,3,12),(232,3,4,12),(233,4,1,12),(234,4,2,12),(235,4,3,12),(236,4,4,12),(237,5,1,12),(238,5,2,12),(239,5,3,12),(240,5,4,12),(241,1,1,13),(242,1,2,13),(243,1,3,13),(244,1,4,13),(245,2,1,13),(246,2,2,13),(247,2,3,13),(248,2,4,13),(249,3,1,13),(250,3,2,13),(251,3,3,13),(252,3,4,13),(253,4,1,13),(254,4,2,13),(255,4,3,13),(256,4,4,13),(257,5,1,13),(258,5,2,13),(259,5,3,13),(260,5,4,13),(261,1,1,14),(262,1,2,14),(263,1,3,14),(264,1,4,14),(265,2,1,14),(266,2,2,14),(267,2,3,14),(268,2,4,14),(269,3,1,14),(270,3,2,14),(271,3,3,14),(272,3,4,14),(273,4,1,14),(274,4,2,14),(275,4,3,14),(276,4,4,14),(277,5,1,14),(278,5,2,14),(279,5,3,14),(280,5,4,14),(281,1,1,15),(282,1,2,15),(283,1,3,15),(284,1,4,15),(285,2,1,15),(286,2,2,15),(287,2,3,15),(288,2,4,15),(289,3,1,15),(290,3,2,15),(291,3,3,15),(292,3,4,15),(293,4,1,15),(294,4,2,15),(295,4,3,15),(296,4,4,15),(297,5,1,15),(298,5,2,15),(299,5,3,15),(300,5,4,15),(301,1,1,16),(302,1,2,16),(303,1,3,16),(304,1,4,16),(305,2,1,16),(306,2,2,16),(307,2,3,16),(308,2,4,16),(309,3,1,16),(310,3,2,16),(311,3,3,16),(312,3,4,16),(313,4,1,16),(314,4,2,16),(315,4,3,16),(316,4,4,16),(317,5,1,16),(318,5,2,16),(319,5,3,16),(320,5,4,16),(321,1,1,17),(322,1,2,17),(323,1,3,17),(324,1,4,17),(325,2,1,17),(326,2,2,17),(327,2,3,17),(328,2,4,17),(329,3,1,17),(330,3,2,17),(331,3,3,17),(332,3,4,17),(333,4,1,17),(334,4,2,17),(335,4,3,17),(336,4,4,17),(337,5,1,17),(338,5,2,17),(339,5,3,17),(340,5,4,17),(341,1,1,18),(342,1,2,18),(343,1,3,18),(344,1,4,18),(345,2,1,18),(346,2,2,18),(347,2,3,18),(348,2,4,18),(349,3,1,18),(350,3,2,18),(351,3,3,18),(352,3,4,18),(353,4,1,18),(354,4,2,18),(355,4,3,18),(356,4,4,18),(357,5,1,18),(358,5,2,18),(359,5,3,18),(360,5,4,18),(361,1,1,19),(362,1,2,19),(363,1,3,19),(364,1,4,19),(365,2,1,19),(366,2,2,19),(367,2,3,19),(368,2,4,19),(369,3,1,19),(370,3,2,19),(371,3,3,19),(372,3,4,19),(373,4,1,19),(374,4,2,19),(375,4,3,19),(376,4,4,19),(377,5,1,19),(378,5,2,19),(379,5,3,19),(380,5,4,19),(381,1,1,20),(382,1,2,20),(383,1,3,20),(384,1,4,20),(385,2,1,20),(386,2,2,20),(387,2,3,20),(388,2,4,20),(389,3,1,20),(390,3,2,20),(391,3,3,20),(392,3,4,20),(393,4,1,20),(394,4,2,20),(395,4,3,20),(396,4,4,20),(397,5,1,20),(398,5,2,20),(399,5,3,20),(400,5,4,20),(401,1,1,21),(402,1,2,21),(403,1,3,21),(404,1,4,21),(405,2,1,21),(406,2,2,21),(407,2,3,21),(408,2,4,21),(409,3,1,21),(410,3,2,21),(411,3,3,21),(412,3,4,21),(413,4,1,21),(414,4,2,21),(415,4,3,21),(416,4,4,21),(417,5,1,21),(418,5,2,21),(419,5,3,21),(420,5,4,21),(421,1,1,22),(422,1,2,22),(423,1,3,22),(424,1,4,22),(425,2,1,22),(426,2,2,22),(427,2,3,22),(428,2,4,22),(429,3,1,22),(430,3,2,22),(431,3,3,22),(432,3,4,22),(433,4,1,22),(434,4,2,22),(435,4,3,22),(436,4,4,22),(437,5,1,22),(438,5,2,22),(439,5,3,22),(440,5,4,22),(441,1,1,23),(442,1,2,23),(443,1,3,23),(444,1,4,23),(445,2,1,23),(446,2,2,23),(447,2,3,23),(448,2,4,23),(449,3,1,23),(450,3,2,23),(451,3,3,23),(452,3,4,23),(453,4,1,23),(454,4,2,23),(455,4,3,23),(456,4,4,23),(457,5,1,23),(458,5,2,23),(459,5,3,23),(460,5,4,23),(461,1,1,24),(462,1,2,24),(463,1,3,24),(464,1,4,24),(465,2,1,24),(466,2,2,24),(467,2,3,24),(468,2,4,24),(469,3,1,24),(470,3,2,24),(471,3,3,24),(472,3,4,24),(473,4,1,24),(474,4,2,24),(475,4,3,24),(476,4,4,24),(477,5,1,24),(478,5,2,24),(479,5,3,24),(480,5,4,24),(481,1,1,25),(482,1,2,25),(483,1,3,25),(484,1,4,25),(485,2,1,25),(486,2,2,25),(487,2,3,25),(488,2,4,25),(489,3,1,25),(490,3,2,25),(491,3,3,25),(492,3,4,25),(493,4,1,25),(494,4,2,25),(495,4,3,25),(496,4,4,25),(497,5,1,25),(498,5,2,25),(499,5,3,25),(500,5,4,25),(501,1,1,26),(502,1,2,26),(503,1,3,26),(504,1,4,26),(505,2,1,26),(506,2,2,26),(507,2,3,26),(508,2,4,26),(509,3,1,26),(510,3,2,26),(511,3,3,26),(512,3,4,26),(513,4,1,26),(514,4,2,26),(515,4,3,26),(516,4,4,26),(517,5,1,26),(518,5,2,26),(519,5,3,26),(520,5,4,26),(521,1,1,27),(522,1,2,27),(523,1,3,27),(524,1,4,27),(525,2,1,27),(526,2,2,27),(527,2,3,27),(528,2,4,27),(529,3,1,27),(530,3,2,27),(531,3,3,27),(532,3,4,27),(533,4,1,27),(534,4,2,27),(535,4,3,27),(536,4,4,27),(537,5,1,27),(538,5,2,27),(539,5,3,27),(540,5,4,27),(541,1,1,28),(542,1,2,28),(543,1,3,28),(544,1,4,28),(545,2,1,28),(546,2,2,28),(547,2,3,28),(548,2,4,28),(549,3,1,28),(550,3,2,28),(551,3,3,28),(552,3,4,28),(553,4,1,28),(554,4,2,28),(555,4,3,28),(556,4,4,28),(557,5,1,28),(558,5,2,28),(559,5,3,28),(560,5,4,28),(561,1,1,29),(562,1,2,29),(563,1,3,29),(564,1,4,29),(565,2,1,29),(566,2,2,29),(567,2,3,29),(568,2,4,29),(569,3,1,29),(570,3,2,29),(571,3,3,29),(572,3,4,29),(573,4,1,29),(574,4,2,29),(575,4,3,29),(576,4,4,29),(577,5,1,29),(578,5,2,29),(579,5,3,29),(580,5,4,29),(581,1,1,30),(582,1,2,30),(583,1,3,30),(584,1,4,30),(585,2,1,30),(586,2,2,30),(587,2,3,30),(588,2,4,30),(589,3,1,30),(590,3,2,30),(591,3,3,30),(592,3,4,30),(593,4,1,30),(594,4,2,30),(595,4,3,30),(596,4,4,30),(597,5,1,30),(598,5,2,30),(599,5,3,30),(600,5,4,30),(601,1,1,31),(602,1,2,31),(603,1,3,31),(604,1,4,31),(605,2,1,31),(606,2,2,31),(607,2,3,31),(608,2,4,31),(609,3,1,31),(610,3,2,31),(611,3,3,31),(612,3,4,31),(613,4,1,31),(614,4,2,31),(615,4,3,31),(616,4,4,31),(617,5,1,31),(618,5,2,31),(619,5,3,31),(620,5,4,31),(621,1,1,32),(622,1,2,32),(623,1,3,32),(624,1,4,32),(625,2,1,32),(626,2,2,32),(627,2,3,32),(628,2,4,32),(629,3,1,32),(630,3,2,32),(631,3,3,32),(632,3,4,32),(633,4,1,32),(634,4,2,32),(635,4,3,32),(636,4,4,32),(637,5,1,32),(638,5,2,32),(639,5,3,32),(640,5,4,32),(641,1,1,33),(642,1,2,33),(643,1,3,33),(644,1,4,33),(645,2,1,33),(646,2,2,33),(647,2,3,33),(648,2,4,33),(649,3,1,33),(650,3,2,33),(651,3,3,33),(652,3,4,33),(653,4,1,33),(654,4,2,33),(655,4,3,33),(656,4,4,33),(657,5,1,33),(658,5,2,33),(659,5,3,33),(660,5,4,33),(661,1,1,34),(662,1,2,34),(663,1,3,34),(664,1,4,34),(665,2,1,34),(666,2,2,34),(667,2,3,34),(668,2,4,34),(669,3,1,34),(670,3,2,34),(671,3,3,34),(672,3,4,34),(673,4,1,34),(674,4,2,34),(675,4,3,34),(676,4,4,34),(677,5,1,34),(678,5,2,34),(679,5,3,34),(680,5,4,34),(681,1,1,35),(682,1,2,35),(683,1,3,35),(684,1,4,35),(685,2,1,35),(686,2,2,35),(687,2,3,35),(688,2,4,35),(689,3,1,35),(690,3,2,35),(691,3,3,35),(692,3,4,35),(693,4,1,35),(694,4,2,35),(695,4,3,35),(696,4,4,35),(697,5,1,35),(698,5,2,35),(699,5,3,35),(700,5,4,35),(701,1,1,36),(702,1,2,36),(703,1,3,36),(704,1,4,36),(705,2,1,36),(706,2,2,36),(707,2,3,36),(708,2,4,36),(709,3,1,36),(710,3,2,36),(711,3,3,36),(712,3,4,36),(713,4,1,36),(714,4,2,36),(715,4,3,36),(716,4,4,36),(717,5,1,36),(718,5,2,36),(719,5,3,36),(720,5,4,36),(721,1,1,37),(722,1,2,37),(723,1,3,37),(724,1,4,37),(725,2,1,37),(726,2,2,37),(727,2,3,37),(728,2,4,37),(729,3,1,37),(730,3,2,37),(731,3,3,37),(732,3,4,37),(733,4,1,37),(734,4,2,37),(735,4,3,37),(736,4,4,37),(737,5,1,37),(738,5,2,37),(739,5,3,37),(740,5,4,37),(741,1,1,38),(742,1,2,38),(743,1,3,38),(744,1,4,38),(745,2,1,38),(746,2,2,38),(747,2,3,38),(748,2,4,38),(749,3,1,38),(750,3,2,38),(751,3,3,38),(752,3,4,38),(753,4,1,38),(754,4,2,38),(755,4,3,38),(756,4,4,38),(757,5,1,38),(758,5,2,38),(759,5,3,38),(760,5,4,38),(761,1,1,39),(762,1,2,39),(763,1,3,39),(764,1,4,39),(765,2,1,39),(766,2,2,39),(767,2,3,39),(768,2,4,39),(769,3,1,39),(770,3,2,39),(771,3,3,39),(772,3,4,39),(773,4,1,39),(774,4,2,39),(775,4,3,39),(776,4,4,39),(777,5,1,39),(778,5,2,39),(779,5,3,39),(780,5,4,39),(781,1,1,40),(782,1,2,40),(783,1,3,40),(784,1,4,40),(785,2,1,40),(786,2,2,40),(787,2,3,40),(788,2,4,40),(789,3,1,40),(790,3,2,40),(791,3,3,40),(792,3,4,40),(793,4,1,40),(794,4,2,40),(795,4,3,40),(796,4,4,40),(797,5,1,40),(798,5,2,40),(799,5,3,40),(800,5,4,40),(801,1,1,41),(802,1,2,41),(803,1,3,41),(804,1,4,41),(805,2,1,41),(806,2,2,41),(807,2,3,41),(808,2,4,41),(809,3,1,41),(810,3,2,41),(811,3,3,41),(812,3,4,41),(813,4,1,41),(814,4,2,41),(815,4,3,41),(816,4,4,41),(817,5,1,41),(818,5,2,41),(819,5,3,41),(820,5,4,41),(821,1,1,42),(822,1,2,42),(823,1,3,42),(824,1,4,42),(825,2,1,42),(826,2,2,42),(827,2,3,42),(828,2,4,42),(829,3,1,42),(830,3,2,42),(831,3,3,42),(832,3,4,42),(833,4,1,42),(834,4,2,42),(835,4,3,42),(836,4,4,42),(837,5,1,42),(838,5,2,42),(839,5,3,42),(840,5,4,42),(841,1,1,43),(842,1,2,43),(843,1,3,43),(844,1,4,43),(845,2,1,43),(846,2,2,43),(847,2,3,43),(848,2,4,43),(849,3,1,43),(850,3,2,43),(851,3,3,43),(852,3,4,43),(853,4,1,43),(854,4,2,43),(855,4,3,43),(856,4,4,43),(857,5,1,43),(858,5,2,43),(859,5,3,43),(860,5,4,43),(861,1,1,44),(862,1,2,44),(863,1,3,44),(864,1,4,44),(865,2,1,44),(866,2,2,44),(867,2,3,44),(868,2,4,44),(869,3,1,44),(870,3,2,44),(871,3,3,44),(872,3,4,44),(873,4,1,44),(874,4,2,44),(875,4,3,44),(876,4,4,44),(877,5,1,44),(878,5,2,44),(879,5,3,44),(880,5,4,44),(881,1,1,45),(882,1,2,45),(883,1,3,45),(884,1,4,45),(885,2,1,45),(886,2,2,45),(887,2,3,45),(888,2,4,45),(889,3,1,45),(890,3,2,45),(891,3,3,45),(892,3,4,45),(893,4,1,45),(894,4,2,45),(895,4,3,45),(896,4,4,45),(897,5,1,45),(898,5,2,45),(899,5,3,45),(900,5,4,45),(901,1,1,46),(902,1,2,46),(903,1,3,46),(904,1,4,46),(905,2,1,46),(906,2,2,46),(907,2,3,46),(908,2,4,46),(909,3,1,46),(910,3,2,46),(911,3,3,46),(912,3,4,46),(913,4,1,46),(914,4,2,46),(915,4,3,46),(916,4,4,46),(917,5,1,46),(918,5,2,46),(919,5,3,46),(920,5,4,46),(921,1,1,47),(922,1,2,47),(923,1,3,47),(924,1,4,47),(925,2,1,47),(926,2,2,47),(927,2,3,47),(928,2,4,47),(929,3,1,47),(930,3,2,47),(931,3,3,47),(932,3,4,47),(933,4,1,47),(934,4,2,47),(935,4,3,47),(936,4,4,47),(937,5,1,47),(938,5,2,47),(939,5,3,47),(940,5,4,47),(941,1,1,48),(942,1,2,48),(943,1,3,48),(944,1,4,48),(945,2,1,48),(946,2,2,48),(947,2,3,48),(948,2,4,48),(949,3,1,48),(950,3,2,48),(951,3,3,48),(952,3,4,48),(953,4,1,48),(954,4,2,48),(955,4,3,48),(956,4,4,48),(957,5,1,48),(958,5,2,48),(959,5,3,48),(960,5,4,48),(961,1,1,49),(962,1,2,49),(963,1,3,49),(964,1,4,49),(965,2,1,49),(966,2,2,49),(967,2,3,49),(968,2,4,49),(969,3,1,49),(970,3,2,49),(971,3,3,49),(972,3,4,49),(973,4,1,49),(974,4,2,49),(975,4,3,49),(976,4,4,49),(977,5,1,49),(978,5,2,49),(979,5,3,49),(980,5,4,49),(981,1,1,50),(982,1,2,50),(983,1,3,50),(984,1,4,50),(985,2,1,50),(986,2,2,50),(987,2,3,50),(988,2,4,50),(989,3,1,50),(990,3,2,50),(991,3,3,50),(992,3,4,50),(993,4,1,50),(994,4,2,50),(995,4,3,50),(996,4,4,50),(997,5,1,50),(998,5,2,50),(999,5,3,50),(1000,5,4,50),(1001,1,1,51),(1002,1,2,51),(1003,1,3,51),(1004,1,4,51),(1005,2,1,51),(1006,2,2,51),(1007,2,3,51),(1008,2,4,51),(1009,3,1,51),(1010,3,2,51),(1011,3,3,51),(1012,3,4,51),(1013,4,1,51),(1014,4,2,51),(1015,4,3,51),(1016,4,4,51),(1017,5,1,51),(1018,5,2,51),(1019,5,3,51),(1020,5,4,51),(1021,1,1,52),(1022,1,2,52),(1023,1,3,52),(1024,1,4,52),(1025,2,1,52),(1026,2,2,52),(1027,2,3,52),(1028,2,4,52),(1029,3,1,52),(1030,3,2,52),(1031,3,3,52),(1032,3,4,52),(1033,4,1,52),(1034,4,2,52),(1035,4,3,52),(1036,4,4,52),(1037,5,1,52),(1038,5,2,52),(1039,5,3,52),(1040,5,4,52),(1041,1,1,53),(1042,1,2,53),(1043,1,3,53),(1044,1,4,53),(1045,2,1,53),(1046,2,2,53),(1047,2,3,53),(1048,2,4,53),(1049,3,1,53),(1050,3,2,53),(1051,3,3,53),(1052,3,4,53),(1053,4,1,53),(1054,4,2,53),(1055,4,3,53),(1056,4,4,53),(1057,5,1,53),(1058,5,2,53),(1059,5,3,53),(1060,5,4,53),(1061,1,1,54),(1062,1,2,54),(1063,1,3,54),(1064,1,4,54),(1065,2,1,54),(1066,2,2,54),(1067,2,3,54),(1068,2,4,54),(1069,3,1,54),(1070,3,2,54),(1071,3,3,54),(1072,3,4,54),(1073,4,1,54),(1074,4,2,54),(1075,4,3,54),(1076,4,4,54),(1077,5,1,54),(1078,5,2,54),(1079,5,3,54),(1080,5,4,54),(1081,1,1,55),(1082,1,2,55),(1083,1,3,55),(1084,1,4,55),(1085,2,1,55),(1086,2,2,55),(1087,2,3,55),(1088,2,4,55),(1089,3,1,55),(1090,3,2,55),(1091,3,3,55),(1092,3,4,55),(1093,4,1,55),(1094,4,2,55),(1095,4,3,55),(1096,4,4,55),(1097,5,1,55),(1098,5,2,55),(1099,5,3,55),(1100,5,4,55),(1101,1,1,56),(1102,1,2,56),(1103,1,3,56),(1104,1,4,56),(1105,2,1,56),(1106,2,2,56),(1107,2,3,56),(1108,2,4,56),(1109,3,1,56),(1110,3,2,56),(1111,3,3,56),(1112,3,4,56),(1113,4,1,56),(1114,4,2,56),(1115,4,3,56),(1116,4,4,56),(1117,5,1,56),(1118,5,2,56),(1119,5,3,56),(1120,5,4,56),(1121,1,1,57),(1122,1,2,57),(1123,1,3,57),(1124,1,4,57),(1125,2,1,57),(1126,2,2,57),(1127,2,3,57),(1128,2,4,57),(1129,3,1,57),(1130,3,2,57),(1131,3,3,57),(1132,3,4,57),(1133,4,1,57),(1134,4,2,57),(1135,4,3,57),(1136,4,4,57),(1137,5,1,57),(1138,5,2,57),(1139,5,3,57),(1140,5,4,57),(1141,1,1,58),(1142,1,2,58),(1143,1,3,58),(1144,1,4,58),(1145,2,1,58),(1146,2,2,58),(1147,2,3,58),(1148,2,4,58),(1149,3,1,58),(1150,3,2,58),(1151,3,3,58),(1152,3,4,58),(1153,4,1,58),(1154,4,2,58),(1155,4,3,58),(1156,4,4,58),(1157,5,1,58),(1158,5,2,58),(1159,5,3,58),(1160,5,4,58),(1161,1,1,59),(1162,1,2,59),(1163,1,3,59),(1164,1,4,59),(1165,2,1,59),(1166,2,2,59),(1167,2,3,59),(1168,2,4,59),(1169,3,1,59),(1170,3,2,59),(1171,3,3,59),(1172,3,4,59),(1173,4,1,59),(1174,4,2,59),(1175,4,3,59),(1176,4,4,59),(1177,5,1,59),(1178,5,2,59),(1179,5,3,59),(1180,5,4,59),(1181,1,1,60),(1182,1,2,60),(1183,1,3,60),(1184,1,4,60),(1185,2,1,60),(1186,2,2,60),(1187,2,3,60),(1188,2,4,60),(1189,3,1,60),(1190,3,2,60),(1191,3,3,60),(1192,3,4,60),(1193,4,1,60),(1194,4,2,60),(1195,4,3,60),(1196,4,4,60),(1197,5,1,60),(1198,5,2,60),(1199,5,3,60),(1200,5,4,60),(1201,1,1,61),(1202,1,2,61),(1203,1,3,61),(1204,1,4,61),(1205,2,1,61),(1206,2,2,61),(1207,2,3,61),(1208,2,4,61),(1209,3,1,61),(1210,3,2,61),(1211,3,3,61),(1212,3,4,61),(1213,4,1,61),(1214,4,2,61),(1215,4,3,61),(1216,4,4,61),(1217,5,1,61),(1218,5,2,61),(1219,5,3,61),(1220,5,4,61),(1221,1,1,62),(1222,1,2,62),(1223,1,3,62),(1224,1,4,62),(1225,2,1,62),(1226,2,2,62),(1227,2,3,62),(1228,2,4,62),(1229,3,1,62),(1230,3,2,62),(1231,3,3,62),(1232,3,4,62),(1233,4,1,62),(1234,4,2,62),(1235,4,3,62),(1236,4,4,62),(1237,5,1,62),(1238,5,2,62),(1239,5,3,62),(1240,5,4,62),(1241,1,1,63),(1242,1,2,63),(1243,1,3,63),(1244,1,4,63),(1245,2,1,63),(1246,2,2,63),(1247,2,3,63),(1248,2,4,63),(1249,3,1,63),(1250,3,2,63),(1251,3,3,63),(1252,3,4,63),(1253,4,1,63),(1254,4,2,63),(1255,4,3,63),(1256,4,4,63),(1257,5,1,63),(1258,5,2,63),(1259,5,3,63),(1260,5,4,63),(1261,1,1,64),(1262,1,2,64),(1263,1,3,64),(1264,1,4,64),(1265,2,1,64),(1266,2,2,64),(1267,2,3,64),(1268,2,4,64),(1269,3,1,64),(1270,3,2,64),(1271,3,3,64),(1272,3,4,64),(1273,4,1,64),(1274,4,2,64),(1275,4,3,64),(1276,4,4,64),(1277,5,1,64),(1278,5,2,64),(1279,5,3,64),(1280,5,4,64),(1281,1,1,65),(1282,1,2,65),(1283,1,3,65),(1284,1,4,65),(1285,2,1,65),(1286,2,2,65),(1287,2,3,65),(1288,2,4,65),(1289,3,1,65),(1290,3,2,65),(1291,3,3,65),(1292,3,4,65),(1293,4,1,65),(1294,4,2,65),(1295,4,3,65),(1296,4,4,65),(1297,5,1,65),(1298,5,2,65),(1299,5,3,65),(1300,5,4,65),(1301,1,1,66),(1302,1,2,66),(1303,1,3,66),(1304,1,4,66),(1305,2,1,66),(1306,2,2,66),(1307,2,3,66),(1308,2,4,66),(1309,3,1,66),(1310,3,2,66),(1311,3,3,66),(1312,3,4,66),(1313,4,1,66),(1314,4,2,66),(1315,4,3,66),(1316,4,4,66),(1317,5,1,66),(1318,5,2,66),(1319,5,3,66),(1320,5,4,66),(1321,1,1,67),(1322,1,2,67),(1323,1,3,67),(1324,1,4,67),(1325,2,1,67),(1326,2,2,67),(1327,2,3,67),(1328,2,4,67),(1329,3,1,67),(1330,3,2,67),(1331,3,3,67),(1332,3,4,67),(1333,4,1,67),(1334,4,2,67),(1335,4,3,67),(1336,4,4,67),(1337,5,1,67),(1338,5,2,67),(1339,5,3,67),(1340,5,4,67),(1341,1,1,68),(1342,1,2,68),(1343,1,3,68),(1344,1,4,68),(1345,2,1,68),(1346,2,2,68),(1347,2,3,68),(1348,2,4,68),(1349,3,1,68),(1350,3,2,68),(1351,3,3,68),(1352,3,4,68),(1353,4,1,68),(1354,4,2,68),(1355,4,3,68),(1356,4,4,68),(1357,5,1,68),(1358,5,2,68),(1359,5,3,68),(1360,5,4,68),(1361,1,1,69),(1362,1,2,69),(1363,1,3,69),(1364,1,4,69),(1365,2,1,69),(1366,2,2,69),(1367,2,3,69),(1368,2,4,69),(1369,3,1,69),(1370,3,2,69),(1371,3,3,69),(1372,3,4,69),(1373,4,1,69),(1374,4,2,69),(1375,4,3,69),(1376,4,4,69),(1377,5,1,69),(1378,5,2,69),(1379,5,3,69),(1380,5,4,69),(1381,1,1,70),(1382,1,2,70),(1383,1,3,70),(1384,1,4,70),(1385,2,1,70),(1386,2,2,70),(1387,2,3,70),(1388,2,4,70),(1389,3,1,70),(1390,3,2,70),(1391,3,3,70),(1392,3,4,70),(1393,4,1,70),(1394,4,2,70),(1395,4,3,70),(1396,4,4,70),(1397,5,1,70),(1398,5,2,70),(1399,5,3,70),(1400,5,4,70),(1401,1,1,71),(1402,1,2,71),(1403,1,3,71),(1404,1,4,71),(1405,2,1,71),(1406,2,2,71),(1407,2,3,71),(1408,2,4,71),(1409,3,1,71),(1410,3,2,71),(1411,3,3,71),(1412,3,4,71),(1413,4,1,71),(1414,4,2,71),(1415,4,3,71),(1416,4,4,71),(1417,5,1,71),(1418,5,2,71),(1419,5,3,71),(1420,5,4,71),(1421,1,1,72),(1422,1,2,72),(1423,1,3,72),(1424,1,4,72),(1425,2,1,72),(1426,2,2,72),(1427,2,3,72),(1428,2,4,72),(1429,3,1,72),(1430,3,2,72),(1431,3,3,72),(1432,3,4,72),(1433,4,1,72),(1434,4,2,72),(1435,4,3,72),(1436,4,4,72),(1437,5,1,72),(1438,5,2,72),(1439,5,3,72),(1440,5,4,72),(1441,1,1,73),(1442,1,2,73),(1443,1,3,73),(1444,1,4,73),(1445,2,1,73),(1446,2,2,73),(1447,2,3,73),(1448,2,4,73),(1449,3,1,73),(1450,3,2,73),(1451,3,3,73),(1452,3,4,73),(1453,4,1,73),(1454,4,2,73),(1455,4,3,73),(1456,4,4,73),(1457,5,1,73),(1458,5,2,73),(1459,5,3,73),(1460,5,4,73),(1461,1,1,74),(1462,1,2,74),(1463,1,3,74),(1464,1,4,74),(1465,2,1,74),(1466,2,2,74),(1467,2,3,74),(1468,2,4,74),(1469,3,1,74),(1470,3,2,74),(1471,3,3,74),(1472,3,4,74),(1473,4,1,74),(1474,4,2,74),(1475,4,3,74),(1476,4,4,74),(1477,5,1,74),(1478,5,2,74),(1479,5,3,74),(1480,5,4,74),(1481,1,1,75),(1482,1,2,75),(1483,1,3,75),(1484,1,4,75),(1485,2,1,75),(1486,2,2,75),(1487,2,3,75),(1488,2,4,75),(1489,3,1,75),(1490,3,2,75),(1491,3,3,75),(1492,3,4,75),(1493,4,1,75),(1494,4,2,75),(1495,4,3,75),(1496,4,4,75),(1497,5,1,75),(1498,5,2,75),(1499,5,3,75),(1500,5,4,75),(1501,1,1,76),(1502,1,2,76),(1503,1,3,76),(1504,1,4,76),(1505,2,1,76),(1506,2,2,76),(1507,2,3,76),(1508,2,4,76),(1509,3,1,76),(1510,3,2,76),(1511,3,3,76),(1512,3,4,76),(1513,4,1,76),(1514,4,2,76),(1515,4,3,76),(1516,4,4,76),(1517,5,1,76),(1518,5,2,76),(1519,5,3,76),(1520,5,4,76),(1521,1,1,77),(1522,1,2,77),(1523,1,3,77),(1524,1,4,77),(1525,2,1,77),(1526,2,2,77),(1527,2,3,77),(1528,2,4,77),(1529,3,1,77),(1530,3,2,77),(1531,3,3,77),(1532,3,4,77),(1533,4,1,77),(1534,4,2,77),(1535,4,3,77),(1536,4,4,77),(1537,5,1,77),(1538,5,2,77),(1539,5,3,77),(1540,5,4,77),(1541,1,1,78),(1542,1,2,78),(1543,1,3,78),(1544,1,4,78),(1545,2,1,78),(1546,2,2,78),(1547,2,3,78),(1548,2,4,78),(1549,3,1,78),(1550,3,2,78),(1551,3,3,78),(1552,3,4,78),(1553,4,1,78),(1554,4,2,78),(1555,4,3,78),(1556,4,4,78),(1557,5,1,78),(1558,5,2,78),(1559,5,3,78),(1560,5,4,78),(1561,1,1,79),(1562,1,2,79),(1563,1,3,79),(1564,1,4,79),(1565,2,1,79),(1566,2,2,79),(1567,2,3,79),(1568,2,4,79),(1569,3,1,79),(1570,3,2,79),(1571,3,3,79),(1572,3,4,79),(1573,4,1,79),(1574,4,2,79),(1575,4,3,79),(1576,4,4,79),(1577,5,1,79),(1578,5,2,79),(1579,5,3,79),(1580,5,4,79),(1581,1,1,80),(1582,1,2,80),(1583,1,3,80),(1584,1,4,80),(1585,2,1,80),(1586,2,2,80),(1587,2,3,80),(1588,2,4,80),(1589,3,1,80),(1590,3,2,80),(1591,3,3,80),(1592,3,4,80),(1593,4,1,80),(1594,4,2,80),(1595,4,3,80),(1596,4,4,80),(1597,5,1,80),(1598,5,2,80),(1599,5,3,80),(1600,5,4,80),(1601,1,1,81),(1602,1,2,81),(1603,1,3,81),(1604,1,4,81),(1605,2,1,81),(1606,2,2,81),(1607,2,3,81),(1608,2,4,81),(1609,3,1,81),(1610,3,2,81),(1611,3,3,81),(1612,3,4,81),(1613,4,1,81),(1614,4,2,81),(1615,4,3,81),(1616,4,4,81),(1617,5,1,81),(1618,5,2,81),(1619,5,3,81),(1620,5,4,81),(1621,1,1,82),(1622,1,2,82),(1623,1,3,82),(1624,1,4,82),(1625,2,1,82),(1626,2,2,82),(1627,2,3,82),(1628,2,4,82),(1629,3,1,82),(1630,3,2,82),(1631,3,3,82),(1632,3,4,82),(1633,4,1,82),(1634,4,2,82),(1635,4,3,82),(1636,4,4,82),(1637,5,1,82),(1638,5,2,82),(1639,5,3,82),(1640,5,4,82),(1641,1,1,83),(1642,1,2,83),(1643,1,3,83),(1644,1,4,83),(1645,2,1,83),(1646,2,2,83),(1647,2,3,83),(1648,2,4,83),(1649,3,1,83),(1650,3,2,83),(1651,3,3,83),(1652,3,4,83),(1653,4,1,83),(1654,4,2,83),(1655,4,3,83),(1656,4,4,83),(1657,5,1,83),(1658,5,2,83),(1659,5,3,83),(1660,5,4,83),(1661,1,1,84),(1662,1,2,84),(1663,1,3,84),(1664,1,4,84),(1665,2,1,84),(1666,2,2,84),(1667,2,3,84),(1668,2,4,84),(1669,3,1,84),(1670,3,2,84),(1671,3,3,84),(1672,3,4,84),(1673,4,1,84),(1674,4,2,84),(1675,4,3,84),(1676,4,4,84),(1677,5,1,84),(1678,5,2,84),(1679,5,3,84),(1680,5,4,84),(1681,1,1,85),(1682,1,2,85),(1683,1,3,85),(1684,1,4,85),(1685,2,1,85),(1686,2,2,85),(1687,2,3,85),(1688,2,4,85),(1689,3,1,85),(1690,3,2,85),(1691,3,3,85),(1692,3,4,85),(1693,4,1,85),(1694,4,2,85),(1695,4,3,85),(1696,4,4,85),(1697,5,1,85),(1698,5,2,85),(1699,5,3,85),(1700,5,4,85),(1701,1,1,86),(1702,1,2,86),(1703,1,3,86),(1704,1,4,86),(1705,2,1,86),(1706,2,2,86),(1707,2,3,86),(1708,2,4,86),(1709,3,1,86),(1710,3,2,86),(1711,3,3,86),(1712,3,4,86),(1713,4,1,86),(1714,4,2,86),(1715,4,3,86),(1716,4,4,86),(1717,5,1,86),(1718,5,2,86),(1719,5,3,86),(1720,5,4,86),(1721,1,1,87),(1722,1,2,87),(1723,1,3,87),(1724,1,4,87),(1725,2,1,87),(1726,2,2,87),(1727,2,3,87),(1728,2,4,87),(1729,3,1,87),(1730,3,2,87),(1731,3,3,87),(1732,3,4,87),(1733,4,1,87),(1734,4,2,87),(1735,4,3,87),(1736,4,4,87),(1737,5,1,87),(1738,5,2,87),(1739,5,3,87),(1740,5,4,87),(1741,1,1,88),(1742,1,2,88),(1743,1,3,88),(1744,1,4,88),(1745,2,1,88),(1746,2,2,88),(1747,2,3,88),(1748,2,4,88),(1749,3,1,88),(1750,3,2,88),(1751,3,3,88),(1752,3,4,88),(1753,4,1,88),(1754,4,2,88),(1755,4,3,88),(1756,4,4,88),(1757,5,1,88),(1758,5,2,88),(1759,5,3,88),(1760,5,4,88),(1761,1,1,89),(1762,1,2,89),(1763,1,3,89),(1764,1,4,89),(1765,2,1,89),(1766,2,2,89),(1767,2,3,89),(1768,2,4,89),(1769,3,1,89),(1770,3,2,89),(1771,3,3,89),(1772,3,4,89),(1773,4,1,89),(1774,4,2,89),(1775,4,3,89),(1776,4,4,89),(1777,5,1,89),(1778,5,2,89),(1779,5,3,89),(1780,5,4,89),(1781,1,1,90),(1782,1,2,90),(1783,1,3,90),(1784,1,4,90),(1785,2,1,90),(1786,2,2,90),(1787,2,3,90),(1788,2,4,90),(1789,3,1,90),(1790,3,2,90),(1791,3,3,90),(1792,3,4,90),(1793,4,1,90),(1794,4,2,90),(1795,4,3,90),(1796,4,4,90),(1797,5,1,90),(1798,5,2,90),(1799,5,3,90),(1800,5,4,90),(1801,1,1,91),(1802,1,2,91),(1803,1,3,91),(1804,1,4,91),(1805,2,1,91),(1806,2,2,91),(1807,2,3,91),(1808,2,4,91),(1809,3,1,91),(1810,3,2,91),(1811,3,3,91),(1812,3,4,91),(1813,4,1,91),(1814,4,2,91),(1815,4,3,91),(1816,4,4,91),(1817,5,1,91),(1818,5,2,91),(1819,5,3,91),(1820,5,4,91),(1821,1,1,92),(1822,1,2,92),(1823,1,3,92),(1824,1,4,92),(1825,2,1,92),(1826,2,2,92),(1827,2,3,92),(1828,2,4,92),(1829,3,1,92),(1830,3,2,92),(1831,3,3,92),(1832,3,4,92),(1833,4,1,92),(1834,4,2,92),(1835,4,3,92),(1836,4,4,92),(1837,5,1,92),(1838,5,2,92),(1839,5,3,92),(1840,5,4,92),(1841,1,1,93),(1842,1,2,93),(1843,1,3,93),(1844,1,4,93),(1845,2,1,93),(1846,2,2,93),(1847,2,3,93),(1848,2,4,93),(1849,3,1,93),(1850,3,2,93),(1851,3,3,93),(1852,3,4,93),(1853,4,1,93),(1854,4,2,93),(1855,4,3,93),(1856,4,4,93),(1857,5,1,93),(1858,5,2,93),(1859,5,3,93),(1860,5,4,93),(1861,1,1,94),(1862,1,2,94),(1863,1,3,94),(1864,1,4,94),(1865,2,1,94),(1866,2,2,94),(1867,2,3,94),(1868,2,4,94),(1869,3,1,94),(1870,3,2,94),(1871,3,3,94),(1872,3,4,94),(1873,4,1,94),(1874,4,2,94),(1875,4,3,94),(1876,4,4,94),(1877,5,1,94),(1878,5,2,94),(1879,5,3,94),(1880,5,4,94),(1881,1,1,95),(1882,1,2,95),(1883,1,3,95),(1884,1,4,95),(1885,2,1,95),(1886,2,2,95),(1887,2,3,95),(1888,2,4,95),(1889,3,1,95),(1890,3,2,95),(1891,3,3,95),(1892,3,4,95),(1893,4,1,95),(1894,4,2,95),(1895,4,3,95),(1896,4,4,95),(1897,5,1,95),(1898,5,2,95),(1899,5,3,95),(1900,5,4,95),(1901,1,1,96),(1902,1,2,96),(1903,1,3,96),(1904,1,4,96),(1905,2,1,96),(1906,2,2,96),(1907,2,3,96),(1908,2,4,96),(1909,3,1,96),(1910,3,2,96),(1911,3,3,96),(1912,3,4,96),(1913,4,1,96),(1914,4,2,96),(1915,4,3,96),(1916,4,4,96),(1917,5,1,96),(1918,5,2,96),(1919,5,3,96),(1920,5,4,96),(1921,1,1,97),(1922,1,2,97),(1923,1,3,97),(1924,1,4,97),(1925,2,1,97),(1926,2,2,97),(1927,2,3,97),(1928,2,4,97),(1929,3,1,97),(1930,3,2,97),(1931,3,3,97),(1932,3,4,97),(1933,4,1,97),(1934,4,2,97),(1935,4,3,97),(1936,4,4,97),(1937,5,1,97),(1938,5,2,97),(1939,5,3,97),(1940,5,4,97),(1941,1,1,98),(1942,1,2,98),(1943,1,3,98),(1944,1,4,98),(1945,2,1,98),(1946,2,2,98),(1947,2,3,98),(1948,2,4,98),(1949,3,1,98),(1950,3,2,98),(1951,3,3,98),(1952,3,4,98),(1953,4,1,98),(1954,4,2,98),(1955,4,3,98),(1956,4,4,98),(1957,5,1,98),(1958,5,2,98),(1959,5,3,98),(1960,5,4,98),(1961,1,1,99),(1962,1,2,99),(1963,1,3,99),(1964,1,4,99),(1965,2,1,99),(1966,2,2,99),(1967,2,3,99),(1968,2,4,99),(1969,3,1,99),(1970,3,2,99),(1971,3,3,99),(1972,3,4,99),(1973,4,1,99),(1974,4,2,99),(1975,4,3,99),(1976,4,4,99),(1977,5,1,99),(1978,5,2,99),(1979,5,3,99),(1980,5,4,99),(1981,1,1,100),(1982,1,2,100),(1983,1,3,100),(1984,1,4,100),(1985,2,1,100),(1986,2,2,100),(1987,2,3,100),(1988,2,4,100),(1989,3,1,100),(1990,3,2,100),(1991,3,3,100),(1992,3,4,100),(1993,4,1,100),(1994,4,2,100),(1995,4,3,100),(1996,4,4,100),(1997,5,1,100),(1998,5,2,100),(1999,5,3,100),(2000,5,4,100),(2001,1,1,101),(2002,1,2,101),(2003,1,3,101),(2004,1,4,101),(2005,2,1,101),(2006,2,2,101),(2007,2,3,101),(2008,2,4,101),(2009,3,1,101),(2010,3,2,101),(2011,3,3,101),(2012,3,4,101),(2013,4,1,101),(2014,4,2,101),(2015,4,3,101),(2016,4,4,101),(2017,5,1,101),(2018,5,2,101),(2019,5,3,101),(2020,5,4,101),(2021,1,1,102),(2022,1,2,102),(2023,1,3,102),(2024,1,4,102),(2025,2,1,102),(2026,2,2,102),(2027,2,3,102),(2028,2,4,102),(2029,3,1,102),(2030,3,2,102),(2031,3,3,102),(2032,3,4,102),(2033,4,1,102),(2034,4,2,102),(2035,4,3,102),(2036,4,4,102),(2037,5,1,102),(2038,5,2,102),(2039,5,3,102),(2040,5,4,102),(2041,1,1,103),(2042,1,2,103),(2043,1,3,103),(2044,1,4,103),(2045,2,1,103),(2046,2,2,103),(2047,2,3,103),(2048,2,4,103),(2049,3,1,103),(2050,3,2,103),(2051,3,3,103),(2052,3,4,103),(2053,4,1,103),(2054,4,2,103),(2055,4,3,103),(2056,4,4,103),(2057,5,1,103),(2058,5,2,103),(2059,5,3,103),(2060,5,4,103),(2061,1,1,104),(2062,1,2,104),(2063,1,3,104),(2064,1,4,104),(2065,2,1,104),(2066,2,2,104),(2067,2,3,104),(2068,2,4,104),(2069,3,1,104),(2070,3,2,104),(2071,3,3,104),(2072,3,4,104),(2073,4,1,104),(2074,4,2,104),(2075,4,3,104),(2076,4,4,104),(2077,5,1,104),(2078,5,2,104),(2079,5,3,104),(2080,5,4,104),(2081,1,1,105),(2082,1,2,105),(2083,1,3,105),(2084,1,4,105),(2085,2,1,105),(2086,2,2,105),(2087,2,3,105),(2088,2,4,105),(2089,3,1,105),(2090,3,2,105),(2091,3,3,105),(2092,3,4,105),(2093,4,1,105),(2094,4,2,105),(2095,4,3,105),(2096,4,4,105),(2097,5,1,105),(2098,5,2,105),(2099,5,3,105),(2100,5,4,105),(2101,1,1,106),(2102,1,2,106),(2103,1,3,106),(2104,1,4,106),(2105,2,1,106),(2106,2,2,106),(2107,2,3,106),(2108,2,4,106),(2109,3,1,106),(2110,3,2,106),(2111,3,3,106),(2112,3,4,106),(2113,4,1,106),(2114,4,2,106),(2115,4,3,106),(2116,4,4,106),(2117,5,1,106),(2118,5,2,106),(2119,5,3,106),(2120,5,4,106),(2121,1,1,107),(2122,1,2,107),(2123,1,3,107),(2124,1,4,107),(2125,2,1,107),(2126,2,2,107),(2127,2,3,107),(2128,2,4,107),(2129,3,1,107),(2130,3,2,107),(2131,3,3,107),(2132,3,4,107),(2133,4,1,107),(2134,4,2,107),(2135,4,3,107),(2136,4,4,107),(2137,5,1,107),(2138,5,2,107),(2139,5,3,107),(2140,5,4,107),(2141,1,1,108),(2142,1,2,108),(2143,1,3,108),(2144,1,4,108),(2145,2,1,108),(2146,2,2,108),(2147,2,3,108),(2148,2,4,108),(2149,3,1,108),(2150,3,2,108),(2151,3,3,108),(2152,3,4,108),(2153,4,1,108),(2154,4,2,108),(2155,4,3,108),(2156,4,4,108),(2157,5,1,108),(2158,5,2,108),(2159,5,3,108),(2160,5,4,108),(2161,1,1,109),(2162,1,2,109),(2163,1,3,109),(2164,1,4,109),(2165,2,1,109),(2166,2,2,109),(2167,2,3,109),(2168,2,4,109),(2169,3,1,109),(2170,3,2,109),(2171,3,3,109),(2172,3,4,109),(2173,4,1,109),(2174,4,2,109),(2175,4,3,109),(2176,4,4,109),(2177,5,1,109),(2178,5,2,109),(2179,5,3,109),(2180,5,4,109),(2181,1,1,110),(2182,1,2,110),(2183,1,3,110),(2184,1,4,110),(2185,2,1,110),(2186,2,2,110),(2187,2,3,110),(2188,2,4,110),(2189,3,1,110),(2190,3,2,110),(2191,3,3,110),(2192,3,4,110),(2193,4,1,110),(2194,4,2,110),(2195,4,3,110),(2196,4,4,110),(2197,5,1,110),(2198,5,2,110),(2199,5,3,110),(2200,5,4,110),(2201,1,1,111),(2202,1,2,111),(2203,1,3,111),(2204,1,4,111),(2205,2,1,111),(2206,2,2,111),(2207,2,3,111),(2208,2,4,111),(2209,3,1,111),(2210,3,2,111),(2211,3,3,111),(2212,3,4,111),(2213,4,1,111),(2214,4,2,111),(2215,4,3,111),(2216,4,4,111),(2217,5,1,111),(2218,5,2,111),(2219,5,3,111),(2220,5,4,111),(2221,1,1,112),(2222,1,2,112),(2223,1,3,112),(2224,1,4,112),(2225,2,1,112),(2226,2,2,112),(2227,2,3,112),(2228,2,4,112),(2229,3,1,112),(2230,3,2,112),(2231,3,3,112),(2232,3,4,112),(2233,4,1,112),(2234,4,2,112),(2235,4,3,112),(2236,4,4,112),(2237,5,1,112),(2238,5,2,112),(2239,5,3,112),(2240,5,4,112),(2241,1,1,113),(2242,1,2,113),(2243,1,3,113),(2244,1,4,113),(2245,2,1,113),(2246,2,2,113),(2247,2,3,113),(2248,2,4,113),(2249,3,1,113),(2250,3,2,113),(2251,3,3,113),(2252,3,4,113),(2253,4,1,113),(2254,4,2,113),(2255,4,3,113),(2256,4,4,113),(2257,5,1,113),(2258,5,2,113),(2259,5,3,113),(2260,5,4,113),(2261,1,1,114),(2262,1,2,114),(2263,1,3,114),(2264,1,4,114),(2265,2,1,114),(2266,2,2,114),(2267,2,3,114),(2268,2,4,114),(2269,3,1,114),(2270,3,2,114),(2271,3,3,114),(2272,3,4,114),(2273,4,1,114),(2274,4,2,114),(2275,4,3,114),(2276,4,4,114),(2277,5,1,114),(2278,5,2,114),(2279,5,3,114),(2280,5,4,114),(2281,1,1,115),(2282,1,2,115),(2283,1,3,115),(2284,1,4,115),(2285,2,1,115),(2286,2,2,115),(2287,2,3,115),(2288,2,4,115),(2289,3,1,115),(2290,3,2,115),(2291,3,3,115),(2292,3,4,115),(2293,4,1,115),(2294,4,2,115),(2295,4,3,115),(2296,4,4,115),(2297,5,1,115),(2298,5,2,115),(2299,5,3,115),(2300,5,4,115),(2301,1,1,116),(2302,1,2,116),(2303,1,3,116),(2304,1,4,116),(2305,2,1,116),(2306,2,2,116),(2307,2,3,116),(2308,2,4,116),(2309,3,1,116),(2310,3,2,116),(2311,3,3,116),(2312,3,4,116),(2313,4,1,116),(2314,4,2,116),(2315,4,3,116),(2316,4,4,116),(2317,5,1,116),(2318,5,2,116),(2319,5,3,116),(2320,5,4,116),(2321,1,1,117),(2322,1,2,117),(2323,1,3,117),(2324,1,4,117),(2325,2,1,117),(2326,2,2,117),(2327,2,3,117),(2328,2,4,117),(2329,3,1,117),(2330,3,2,117),(2331,3,3,117),(2332,3,4,117),(2333,4,1,117),(2334,4,2,117),(2335,4,3,117),(2336,4,4,117),(2337,5,1,117),(2338,5,2,117),(2339,5,3,117),(2340,5,4,117),(2341,1,1,118),(2342,1,2,118),(2343,1,3,118),(2344,1,4,118),(2345,2,1,118),(2346,2,2,118),(2347,2,3,118),(2348,2,4,118),(2349,3,1,118),(2350,3,2,118),(2351,3,3,118),(2352,3,4,118),(2353,4,1,118),(2354,4,2,118),(2355,4,3,118),(2356,4,4,118),(2357,5,1,118),(2358,5,2,118),(2359,5,3,118),(2360,5,4,118),(2361,1,1,119),(2362,1,2,119),(2363,1,3,119),(2364,1,4,119),(2365,2,1,119),(2366,2,2,119),(2367,2,3,119),(2368,2,4,119),(2369,3,1,119),(2370,3,2,119),(2371,3,3,119),(2372,3,4,119),(2373,4,1,119),(2374,4,2,119),(2375,4,3,119),(2376,4,4,119),(2377,5,1,119),(2378,5,2,119),(2379,5,3,119),(2380,5,4,119),(2381,1,1,120),(2382,1,2,120),(2383,1,3,120),(2384,1,4,120),(2385,2,1,120),(2386,2,2,120),(2387,2,3,120),(2388,2,4,120),(2389,3,1,120),(2390,3,2,120),(2391,3,3,120),(2392,3,4,120),(2393,4,1,120),(2394,4,2,120),(2395,4,3,120),(2396,4,4,120),(2397,5,1,120),(2398,5,2,120),(2399,5,3,120),(2400,5,4,120),(2401,1,1,121),(2402,1,2,121),(2403,1,3,121),(2404,1,4,121),(2405,2,1,121),(2406,2,2,121),(2407,2,3,121),(2408,2,4,121),(2409,3,1,121),(2410,3,2,121),(2411,3,3,121),(2412,3,4,121),(2413,4,1,121),(2414,4,2,121),(2415,4,3,121),(2416,4,4,121),(2417,5,1,121),(2418,5,2,121),(2419,5,3,121),(2420,5,4,121),(2421,1,1,122),(2422,1,2,122),(2423,1,3,122),(2424,1,4,122),(2425,2,1,122),(2426,2,2,122),(2427,2,3,122),(2428,2,4,122),(2429,3,1,122),(2430,3,2,122),(2431,3,3,122),(2432,3,4,122),(2433,4,1,122),(2434,4,2,122),(2435,4,3,122),(2436,4,4,122),(2437,5,1,122),(2438,5,2,122),(2439,5,3,122),(2440,5,4,122),(2441,1,1,123),(2442,1,2,123),(2443,1,3,123),(2444,1,4,123),(2445,2,1,123),(2446,2,2,123),(2447,2,3,123),(2448,2,4,123),(2449,3,1,123),(2450,3,2,123),(2451,3,3,123),(2452,3,4,123),(2453,4,1,123),(2454,4,2,123),(2455,4,3,123),(2456,4,4,123),(2457,5,1,123),(2458,5,2,123),(2459,5,3,123),(2460,5,4,123),(2461,1,1,124),(2462,1,2,124),(2463,1,3,124),(2464,1,4,124),(2465,2,1,124),(2466,2,2,124),(2467,2,3,124),(2468,2,4,124),(2469,3,1,124),(2470,3,2,124),(2471,3,3,124),(2472,3,4,124),(2473,4,1,124),(2474,4,2,124),(2475,4,3,124),(2476,4,4,124),(2477,5,1,124),(2478,5,2,124),(2479,5,3,124),(2480,5,4,124),(2481,1,1,125),(2482,1,2,125),(2483,1,3,125),(2484,1,4,125),(2485,2,1,125),(2486,2,2,125),(2487,2,3,125),(2488,2,4,125),(2489,3,1,125),(2490,3,2,125),(2491,3,3,125),(2492,3,4,125),(2493,4,1,125),(2494,4,2,125),(2495,4,3,125),(2496,4,4,125),(2497,5,1,125),(2498,5,2,125),(2499,5,3,125),(2500,5,4,125),(2501,1,1,126),(2502,1,2,126),(2503,1,3,126),(2504,1,4,126),(2505,2,1,126),(2506,2,2,126),(2507,2,3,126),(2508,2,4,126),(2509,3,1,126),(2510,3,2,126),(2511,3,3,126),(2512,3,4,126),(2513,4,1,126),(2514,4,2,126),(2515,4,3,126),(2516,4,4,126),(2517,5,1,126),(2518,5,2,126),(2519,5,3,126),(2520,5,4,126),(2521,1,1,127),(2522,1,2,127),(2523,1,3,127),(2524,1,4,127),(2525,2,1,127),(2526,2,2,127),(2527,2,3,127),(2528,2,4,127),(2529,3,1,127),(2530,3,2,127),(2531,3,3,127),(2532,3,4,127),(2533,4,1,127),(2534,4,2,127),(2535,4,3,127),(2536,4,4,127),(2537,5,1,127),(2538,5,2,127),(2539,5,3,127),(2540,5,4,127),(2541,1,1,128),(2542,1,2,128),(2543,1,3,128),(2544,1,4,128),(2545,2,1,128),(2546,2,2,128),(2547,2,3,128),(2548,2,4,128),(2549,3,1,128),(2550,3,2,128),(2551,3,3,128),(2552,3,4,128),(2553,4,1,128),(2554,4,2,128),(2555,4,3,128),(2556,4,4,128),(2557,5,1,128),(2558,5,2,128),(2559,5,3,128),(2560,5,4,128),(2561,1,1,129),(2562,1,2,129),(2563,1,3,129),(2564,1,4,129),(2565,2,1,129),(2566,2,2,129),(2567,2,3,129),(2568,2,4,129),(2569,3,1,129),(2570,3,2,129),(2571,3,3,129),(2572,3,4,129),(2573,4,1,129),(2574,4,2,129),(2575,4,3,129),(2576,4,4,129),(2577,5,1,129),(2578,5,2,129),(2579,5,3,129),(2580,5,4,129),(2581,1,1,130),(2582,1,2,130),(2583,1,3,130),(2584,1,4,130),(2585,2,1,130),(2586,2,2,130),(2587,2,3,130),(2588,2,4,130),(2589,3,1,130),(2590,3,2,130),(2591,3,3,130),(2592,3,4,130),(2593,4,1,130),(2594,4,2,130),(2595,4,3,130),(2596,4,4,130),(2597,5,1,130),(2598,5,2,130),(2599,5,3,130),(2600,5,4,130),(2601,1,1,131),(2602,1,2,131),(2603,1,3,131),(2604,1,4,131),(2605,2,1,131),(2606,2,2,131),(2607,2,3,131),(2608,2,4,131),(2609,3,1,131),(2610,3,2,131),(2611,3,3,131),(2612,3,4,131),(2613,4,1,131),(2614,4,2,131),(2615,4,3,131),(2616,4,4,131),(2617,5,1,131),(2618,5,2,131),(2619,5,3,131),(2620,5,4,131),(2621,1,1,132),(2622,1,2,132),(2623,1,3,132),(2624,1,4,132),(2625,2,1,132),(2626,2,2,132),(2627,2,3,132),(2628,2,4,132),(2629,3,1,132),(2630,3,2,132),(2631,3,3,132),(2632,3,4,132),(2633,4,1,132),(2634,4,2,132),(2635,4,3,132),(2636,4,4,132),(2637,5,1,132),(2638,5,2,132),(2639,5,3,132),(2640,5,4,132),(2641,1,1,133),(2642,1,2,133),(2643,1,3,133),(2644,1,4,133),(2645,2,1,133),(2646,2,2,133),(2647,2,3,133),(2648,2,4,133),(2649,3,1,133),(2650,3,2,133),(2651,3,3,133),(2652,3,4,133),(2653,4,1,133),(2654,4,2,133),(2655,4,3,133),(2656,4,4,133),(2657,5,1,133),(2658,5,2,133),(2659,5,3,133),(2660,5,4,133),(2661,1,1,134),(2662,1,2,134),(2663,1,3,134),(2664,1,4,134),(2665,2,1,134),(2666,2,2,134),(2667,2,3,134),(2668,2,4,134),(2669,3,1,134),(2670,3,2,134),(2671,3,3,134),(2672,3,4,134),(2673,4,1,134),(2674,4,2,134),(2675,4,3,134),(2676,4,4,134),(2677,5,1,134),(2678,5,2,134),(2679,5,3,134),(2680,5,4,134),(2681,1,1,135),(2682,1,2,135),(2683,1,3,135),(2684,1,4,135),(2685,2,1,135),(2686,2,2,135),(2687,2,3,135),(2688,2,4,135),(2689,3,1,135),(2690,3,2,135),(2691,3,3,135),(2692,3,4,135),(2693,4,1,135),(2694,4,2,135),(2695,4,3,135),(2696,4,4,135),(2697,5,1,135),(2698,5,2,135),(2699,5,3,135),(2700,5,4,135),(2701,1,1,136),(2702,1,2,136),(2703,1,3,136),(2704,1,4,136),(2705,2,1,136),(2706,2,2,136),(2707,2,3,136),(2708,2,4,136),(2709,3,1,136),(2710,3,2,136),(2711,3,3,136),(2712,3,4,136),(2713,4,1,136),(2714,4,2,136),(2715,4,3,136),(2716,4,4,136),(2717,5,1,136),(2718,5,2,136),(2719,5,3,136),(2720,5,4,136),(2721,1,1,137),(2722,1,2,137),(2723,1,3,137),(2724,1,4,137),(2725,2,1,137),(2726,2,2,137),(2727,2,3,137),(2728,2,4,137),(2729,3,1,137),(2730,3,2,137),(2731,3,3,137),(2732,3,4,137),(2733,4,1,137),(2734,4,2,137),(2735,4,3,137),(2736,4,4,137),(2737,5,1,137),(2738,5,2,137),(2739,5,3,137),(2740,5,4,137),(2741,1,1,138),(2742,1,2,138),(2743,1,3,138),(2744,1,4,138),(2745,2,1,138),(2746,2,2,138),(2747,2,3,138),(2748,2,4,138),(2749,3,1,138),(2750,3,2,138),(2751,3,3,138),(2752,3,4,138),(2753,4,1,138),(2754,4,2,138),(2755,4,3,138),(2756,4,4,138),(2757,5,1,138),(2758,5,2,138),(2759,5,3,138),(2760,5,4,138),(2761,1,1,139),(2762,1,2,139),(2763,1,3,139),(2764,1,4,139),(2765,2,1,139),(2766,2,2,139),(2767,2,3,139),(2768,2,4,139),(2769,3,1,139),(2770,3,2,139),(2771,3,3,139),(2772,3,4,139),(2773,4,1,139),(2774,4,2,139),(2775,4,3,139),(2776,4,4,139),(2777,5,1,139),(2778,5,2,139),(2779,5,3,139),(2780,5,4,139),(2781,1,1,140),(2782,1,2,140),(2783,1,3,140),(2784,1,4,140),(2785,2,1,140),(2786,2,2,140),(2787,2,3,140),(2788,2,4,140),(2789,3,1,140),(2790,3,2,140),(2791,3,3,140),(2792,3,4,140),(2793,4,1,140),(2794,4,2,140),(2795,4,3,140),(2796,4,4,140),(2797,5,1,140),(2798,5,2,140),(2799,5,3,140),(2800,5,4,140),(2801,1,1,141),(2802,1,2,141),(2803,1,3,141),(2804,1,4,141),(2805,2,1,141),(2806,2,2,141),(2807,2,3,141),(2808,2,4,141),(2809,3,1,141),(2810,3,2,141),(2811,3,3,141),(2812,3,4,141),(2813,4,1,141),(2814,4,2,141),(2815,4,3,141),(2816,4,4,141),(2817,5,1,141),(2818,5,2,141),(2819,5,3,141),(2820,5,4,141),(2821,1,1,142),(2822,1,2,142),(2823,1,3,142),(2824,1,4,142),(2825,2,1,142),(2826,2,2,142),(2827,2,3,142),(2828,2,4,142),(2829,3,1,142),(2830,3,2,142),(2831,3,3,142),(2832,3,4,142),(2833,4,1,142),(2834,4,2,142),(2835,4,3,142),(2836,4,4,142),(2837,5,1,142),(2838,5,2,142),(2839,5,3,142),(2840,5,4,142),(2841,1,1,143),(2842,1,2,143),(2843,1,3,143),(2844,1,4,143),(2845,2,1,143),(2846,2,2,143),(2847,2,3,143),(2848,2,4,143),(2849,3,1,143),(2850,3,2,143),(2851,3,3,143),(2852,3,4,143),(2853,4,1,143),(2854,4,2,143),(2855,4,3,143),(2856,4,4,143),(2857,5,1,143),(2858,5,2,143),(2859,5,3,143),(2860,5,4,143),(2861,1,1,144),(2862,1,2,144),(2863,1,3,144),(2864,1,4,144),(2865,2,1,144),(2866,2,2,144),(2867,2,3,144),(2868,2,4,144),(2869,3,1,144),(2870,3,2,144),(2871,3,3,144),(2872,3,4,144),(2873,4,1,144),(2874,4,2,144),(2875,4,3,144),(2876,4,4,144),(2877,5,1,144),(2878,5,2,144),(2879,5,3,144),(2880,5,4,144),(2881,1,1,145),(2882,1,2,145),(2883,1,3,145),(2884,1,4,145),(2885,2,1,145),(2886,2,2,145),(2887,2,3,145),(2888,2,4,145),(2889,3,1,145),(2890,3,2,145),(2891,3,3,145),(2892,3,4,145),(2893,4,1,145),(2894,4,2,145),(2895,4,3,145),(2896,4,4,145),(2897,5,1,145),(2898,5,2,145),(2899,5,3,145),(2900,5,4,145),(2901,1,1,146),(2902,1,2,146),(2903,1,3,146),(2904,1,4,146),(2905,2,1,146),(2906,2,2,146),(2907,2,3,146),(2908,2,4,146),(2909,3,1,146),(2910,3,2,146),(2911,3,3,146),(2912,3,4,146),(2913,4,1,146),(2914,4,2,146),(2915,4,3,146),(2916,4,4,146),(2917,5,1,146),(2918,5,2,146),(2919,5,3,146),(2920,5,4,146),(2921,1,1,147),(2922,1,2,147),(2923,1,3,147),(2924,1,4,147),(2925,2,1,147),(2926,2,2,147),(2927,2,3,147),(2928,2,4,147),(2929,3,1,147),(2930,3,2,147),(2931,3,3,147),(2932,3,4,147),(2933,4,1,147),(2934,4,2,147),(2935,4,3,147),(2936,4,4,147),(2937,5,1,147),(2938,5,2,147),(2939,5,3,147),(2940,5,4,147),(2941,1,1,148),(2942,1,2,148),(2943,1,3,148),(2944,1,4,148),(2945,2,1,148),(2946,2,2,148),(2947,2,3,148),(2948,2,4,148),(2949,3,1,148),(2950,3,2,148),(2951,3,3,148),(2952,3,4,148),(2953,4,1,148),(2954,4,2,148),(2955,4,3,148),(2956,4,4,148),(2957,5,1,148),(2958,5,2,148),(2959,5,3,148),(2960,5,4,148),(2961,1,1,149),(2962,1,2,149),(2963,1,3,149),(2964,1,4,149),(2965,2,1,149),(2966,2,2,149),(2967,2,3,149),(2968,2,4,149),(2969,3,1,149),(2970,3,2,149),(2971,3,3,149),(2972,3,4,149),(2973,4,1,149),(2974,4,2,149),(2975,4,3,149),(2976,4,4,149),(2977,5,1,149),(2978,5,2,149),(2979,5,3,149),(2980,5,4,149),(2981,1,1,150),(2982,1,2,150),(2983,1,3,150),(2984,1,4,150),(2985,2,1,150),(2986,2,2,150),(2987,2,3,150),(2988,2,4,150),(2989,3,1,150),(2990,3,2,150),(2991,3,3,150),(2992,3,4,150),(2993,4,1,150),(2994,4,2,150),(2995,4,3,150),(2996,4,4,150),(2997,5,1,150),(2998,5,2,150),(2999,5,3,150),(3000,5,4,150),(3001,1,1,151),(3002,1,2,151),(3003,1,3,151),(3004,1,4,151),(3005,2,1,151),(3006,2,2,151),(3007,2,3,151),(3008,2,4,151),(3009,3,1,151),(3010,3,2,151),(3011,3,3,151),(3012,3,4,151),(3013,4,1,151),(3014,4,2,151),(3015,4,3,151),(3016,4,4,151),(3017,5,1,151),(3018,5,2,151),(3019,5,3,151),(3020,5,4,151),(3021,1,1,152),(3022,1,2,152),(3023,1,3,152),(3024,1,4,152),(3025,2,1,152),(3026,2,2,152),(3027,2,3,152),(3028,2,4,152),(3029,3,1,152),(3030,3,2,152),(3031,3,3,152),(3032,3,4,152),(3033,4,1,152),(3034,4,2,152),(3035,4,3,152),(3036,4,4,152),(3037,5,1,152),(3038,5,2,152),(3039,5,3,152),(3040,5,4,152),(3041,1,1,153),(3042,1,2,153),(3043,1,3,153),(3044,1,4,153),(3045,2,1,153),(3046,2,2,153),(3047,2,3,153),(3048,2,4,153),(3049,3,1,153),(3050,3,2,153),(3051,3,3,153),(3052,3,4,153),(3053,4,1,153),(3054,4,2,153),(3055,4,3,153),(3056,4,4,153),(3057,5,1,153),(3058,5,2,153),(3059,5,3,153),(3060,5,4,153),(3061,1,1,154),(3062,1,2,154),(3063,1,3,154),(3064,1,4,154),(3065,2,1,154),(3066,2,2,154),(3067,2,3,154),(3068,2,4,154),(3069,3,1,154),(3070,3,2,154),(3071,3,3,154),(3072,3,4,154),(3073,4,1,154),(3074,4,2,154),(3075,4,3,154),(3076,4,4,154),(3077,5,1,154),(3078,5,2,154),(3079,5,3,154),(3080,5,4,154),(3081,1,1,155),(3082,1,2,155),(3083,1,3,155),(3084,1,4,155),(3085,2,1,155),(3086,2,2,155),(3087,2,3,155),(3088,2,4,155),(3089,3,1,155),(3090,3,2,155),(3091,3,3,155),(3092,3,4,155),(3093,4,1,155),(3094,4,2,155),(3095,4,3,155),(3096,4,4,155),(3097,5,1,155),(3098,5,2,155),(3099,5,3,155),(3100,5,4,155),(3101,1,1,156),(3102,1,2,156),(3103,1,3,156),(3104,1,4,156),(3105,2,1,156),(3106,2,2,156),(3107,2,3,156),(3108,2,4,156),(3109,3,1,156),(3110,3,2,156),(3111,3,3,156),(3112,3,4,156),(3113,4,1,156),(3114,4,2,156),(3115,4,3,156),(3116,4,4,156),(3117,5,1,156),(3118,5,2,156),(3119,5,3,156),(3120,5,4,156),(3121,1,1,157),(3122,1,2,157),(3123,1,3,157),(3124,1,4,157),(3125,2,1,157),(3126,2,2,157),(3127,2,3,157),(3128,2,4,157),(3129,3,1,157),(3130,3,2,157),(3131,3,3,157),(3132,3,4,157),(3133,4,1,157),(3134,4,2,157),(3135,4,3,157),(3136,4,4,157),(3137,5,1,157),(3138,5,2,157),(3139,5,3,157),(3140,5,4,157),(3141,1,1,158),(3142,1,2,158),(3143,1,3,158),(3144,1,4,158),(3145,2,1,158),(3146,2,2,158),(3147,2,3,158),(3148,2,4,158),(3149,3,1,158),(3150,3,2,158),(3151,3,3,158),(3152,3,4,158),(3153,4,1,158),(3154,4,2,158),(3155,4,3,158),(3156,4,4,158),(3157,5,1,158),(3158,5,2,158),(3159,5,3,158),(3160,5,4,158),(3161,1,1,159),(3162,1,2,159),(3163,1,3,159),(3164,1,4,159),(3165,2,1,159),(3166,2,2,159),(3167,2,3,159),(3168,2,4,159),(3169,3,1,159),(3170,3,2,159),(3171,3,3,159),(3172,3,4,159),(3173,4,1,159),(3174,4,2,159),(3175,4,3,159),(3176,4,4,159),(3177,5,1,159),(3178,5,2,159),(3179,5,3,159),(3180,5,4,159),(3181,1,1,160),(3182,1,2,160),(3183,1,3,160),(3184,1,4,160),(3185,2,1,160),(3186,2,2,160),(3187,2,3,160),(3188,2,4,160),(3189,3,1,160),(3190,3,2,160),(3191,3,3,160),(3192,3,4,160),(3193,4,1,160),(3194,4,2,160),(3195,4,3,160),(3196,4,4,160),(3197,5,1,160),(3198,5,2,160),(3199,5,3,160),(3200,5,4,160),(3201,1,1,161),(3202,1,2,161),(3203,1,3,161),(3204,1,4,161),(3205,2,1,161),(3206,2,2,161),(3207,2,3,161),(3208,2,4,161),(3209,3,1,161),(3210,3,2,161),(3211,3,3,161),(3212,3,4,161),(3213,4,1,161),(3214,4,2,161),(3215,4,3,161),(3216,4,4,161),(3217,5,1,161),(3218,5,2,161),(3219,5,3,161),(3220,5,4,161),(3221,1,1,162),(3222,1,2,162),(3223,1,3,162),(3224,1,4,162),(3225,2,1,162),(3226,2,2,162),(3227,2,3,162),(3228,2,4,162),(3229,3,1,162),(3230,3,2,162),(3231,3,3,162),(3232,3,4,162),(3233,4,1,162),(3234,4,2,162),(3235,4,3,162),(3236,4,4,162),(3237,5,1,162),(3238,5,2,162),(3239,5,3,162),(3240,5,4,162),(3241,1,1,163),(3242,1,2,163),(3243,1,3,163),(3244,1,4,163),(3245,2,1,163),(3246,2,2,163),(3247,2,3,163),(3248,2,4,163),(3249,3,1,163),(3250,3,2,163),(3251,3,3,163),(3252,3,4,163),(3253,4,1,163),(3254,4,2,163),(3255,4,3,163),(3256,4,4,163),(3257,5,1,163),(3258,5,2,163),(3259,5,3,163),(3260,5,4,163),(3261,1,1,164),(3262,1,2,164),(3263,1,3,164),(3264,1,4,164),(3265,2,1,164),(3266,2,2,164),(3267,2,3,164),(3268,2,4,164),(3269,3,1,164),(3270,3,2,164),(3271,3,3,164),(3272,3,4,164),(3273,4,1,164),(3274,4,2,164),(3275,4,3,164),(3276,4,4,164),(3277,5,1,164),(3278,5,2,164),(3279,5,3,164),(3280,5,4,164),(3281,1,1,165),(3282,1,2,165),(3283,1,3,165),(3284,1,4,165),(3285,2,1,165),(3286,2,2,165),(3287,2,3,165),(3288,2,4,165),(3289,3,1,165),(3290,3,2,165),(3291,3,3,165),(3292,3,4,165),(3293,4,1,165),(3294,4,2,165),(3295,4,3,165),(3296,4,4,165),(3297,5,1,165),(3298,5,2,165),(3299,5,3,165),(3300,5,4,165),(3301,1,1,166),(3302,1,2,166),(3303,1,3,166),(3304,1,4,166),(3305,2,1,166),(3306,2,2,166),(3307,2,3,166),(3308,2,4,166),(3309,3,1,166),(3310,3,2,166),(3311,3,3,166),(3312,3,4,166),(3313,4,1,166),(3314,4,2,166),(3315,4,3,166),(3316,4,4,166),(3317,5,1,166),(3318,5,2,166),(3319,5,3,166),(3320,5,4,166),(3321,1,1,167),(3322,1,2,167),(3323,1,3,167),(3324,1,4,167),(3325,2,1,167),(3326,2,2,167),(3327,2,3,167),(3328,2,4,167),(3329,3,1,167),(3330,3,2,167),(3331,3,3,167),(3332,3,4,167),(3333,4,1,167),(3334,4,2,167),(3335,4,3,167),(3336,4,4,167),(3337,5,1,167),(3338,5,2,167),(3339,5,3,167),(3340,5,4,167),(3341,1,1,168),(3342,1,2,168),(3343,1,3,168),(3344,1,4,168),(3345,2,1,168),(3346,2,2,168),(3347,2,3,168),(3348,2,4,168),(3349,3,1,168),(3350,3,2,168),(3351,3,3,168),(3352,3,4,168),(3353,4,1,168),(3354,4,2,168),(3355,4,3,168),(3356,4,4,168),(3357,5,1,168),(3358,5,2,168),(3359,5,3,168),(3360,5,4,168),(3361,1,1,169),(3362,1,2,169),(3363,1,3,169),(3364,1,4,169),(3365,2,1,169),(3366,2,2,169),(3367,2,3,169),(3368,2,4,169),(3369,3,1,169),(3370,3,2,169),(3371,3,3,169),(3372,3,4,169),(3373,4,1,169),(3374,4,2,169),(3375,4,3,169),(3376,4,4,169),(3377,5,1,169),(3378,5,2,169),(3379,5,3,169),(3380,5,4,169),(3381,1,1,170),(3382,1,2,170),(3383,1,3,170),(3384,1,4,170),(3385,2,1,170),(3386,2,2,170),(3387,2,3,170),(3388,2,4,170),(3389,3,1,170),(3390,3,2,170),(3391,3,3,170),(3392,3,4,170),(3393,4,1,170),(3394,4,2,170),(3395,4,3,170),(3396,4,4,170),(3397,5,1,170),(3398,5,2,170),(3399,5,3,170),(3400,5,4,170),(3401,1,1,171),(3402,1,2,171),(3403,1,3,171),(3404,1,4,171),(3405,2,1,171),(3406,2,2,171),(3407,2,3,171),(3408,2,4,171),(3409,3,1,171),(3410,3,2,171),(3411,3,3,171),(3412,3,4,171),(3413,4,1,171),(3414,4,2,171),(3415,4,3,171),(3416,4,4,171),(3417,5,1,171),(3418,5,2,171),(3419,5,3,171),(3420,5,4,171),(3421,1,1,172),(3422,1,2,172),(3423,1,3,172),(3424,1,4,172),(3425,2,1,172),(3426,2,2,172),(3427,2,3,172),(3428,2,4,172),(3429,3,1,172),(3430,3,2,172),(3431,3,3,172),(3432,3,4,172),(3433,4,1,172),(3434,4,2,172),(3435,4,3,172),(3436,4,4,172),(3437,5,1,172),(3438,5,2,172),(3439,5,3,172),(3440,5,4,172),(3441,1,1,173),(3442,1,2,173),(3443,1,3,173),(3444,1,4,173),(3445,2,1,173),(3446,2,2,173),(3447,2,3,173),(3448,2,4,173),(3449,3,1,173),(3450,3,2,173),(3451,3,3,173),(3452,3,4,173),(3453,4,1,173),(3454,4,2,173),(3455,4,3,173),(3456,4,4,173),(3457,5,1,173),(3458,5,2,173),(3459,5,3,173),(3460,5,4,173),(3461,1,1,174),(3462,1,2,174),(3463,1,3,174),(3464,1,4,174),(3465,2,1,174),(3466,2,2,174),(3467,2,3,174),(3468,2,4,174),(3469,3,1,174),(3470,3,2,174),(3471,3,3,174),(3472,3,4,174),(3473,4,1,174),(3474,4,2,174),(3475,4,3,174),(3476,4,4,174),(3477,5,1,174),(3478,5,2,174),(3479,5,3,174),(3480,5,4,174),(3481,1,1,175),(3482,1,2,175),(3483,1,3,175),(3484,1,4,175),(3485,2,1,175),(3486,2,2,175),(3487,2,3,175),(3488,2,4,175),(3489,3,1,175),(3490,3,2,175),(3491,3,3,175),(3492,3,4,175),(3493,4,1,175),(3494,4,2,175),(3495,4,3,175),(3496,4,4,175),(3497,5,1,175),(3498,5,2,175),(3499,5,3,175),(3500,5,4,175),(3501,1,1,176),(3502,1,2,176),(3503,1,3,176),(3504,1,4,176),(3505,2,1,176),(3506,2,2,176),(3507,2,3,176),(3508,2,4,176),(3509,3,1,176),(3510,3,2,176),(3511,3,3,176),(3512,3,4,176),(3513,4,1,176),(3514,4,2,176),(3515,4,3,176),(3516,4,4,176),(3517,5,1,176),(3518,5,2,176),(3519,5,3,176),(3520,5,4,176),(3521,1,1,177),(3522,1,2,177),(3523,1,3,177),(3524,1,4,177),(3525,2,1,177),(3526,2,2,177),(3527,2,3,177),(3528,2,4,177),(3529,3,1,177),(3530,3,2,177),(3531,3,3,177),(3532,3,4,177),(3533,4,1,177),(3534,4,2,177),(3535,4,3,177),(3536,4,4,177),(3537,5,1,177),(3538,5,2,177),(3539,5,3,177),(3540,5,4,177),(3541,1,1,178),(3542,1,2,178),(3543,1,3,178),(3544,1,4,178),(3545,2,1,178),(3546,2,2,178),(3547,2,3,178),(3548,2,4,178),(3549,3,1,178),(3550,3,2,178),(3551,3,3,178),(3552,3,4,178),(3553,4,1,178),(3554,4,2,178),(3555,4,3,178),(3556,4,4,178),(3557,5,1,178),(3558,5,2,178),(3559,5,3,178),(3560,5,4,178),(3561,1,1,179),(3562,1,2,179),(3563,1,3,179),(3564,1,4,179),(3565,2,1,179),(3566,2,2,179),(3567,2,3,179),(3568,2,4,179),(3569,3,1,179),(3570,3,2,179),(3571,3,3,179),(3572,3,4,179),(3573,4,1,179),(3574,4,2,179),(3575,4,3,179),(3576,4,4,179),(3577,5,1,179),(3578,5,2,179),(3579,5,3,179),(3580,5,4,179),(3581,1,1,180),(3582,1,2,180),(3583,1,3,180),(3584,1,4,180),(3585,2,1,180),(3586,2,2,180),(3587,2,3,180),(3588,2,4,180),(3589,3,1,180),(3590,3,2,180),(3591,3,3,180),(3592,3,4,180),(3593,4,1,180),(3594,4,2,180),(3595,4,3,180),(3596,4,4,180),(3597,5,1,180),(3598,5,2,180),(3599,5,3,180),(3600,5,4,180),(3601,1,1,181),(3602,1,2,181),(3603,1,3,181),(3604,1,4,181),(3605,2,1,181),(3606,2,2,181),(3607,2,3,181),(3608,2,4,181),(3609,3,1,181),(3610,3,2,181),(3611,3,3,181),(3612,3,4,181),(3613,4,1,181),(3614,4,2,181),(3615,4,3,181),(3616,4,4,181),(3617,5,1,181),(3618,5,2,181),(3619,5,3,181),(3620,5,4,181),(3621,1,1,182),(3622,1,2,182),(3623,1,3,182),(3624,1,4,182),(3625,2,1,182),(3626,2,2,182),(3627,2,3,182),(3628,2,4,182),(3629,3,1,182),(3630,3,2,182),(3631,3,3,182),(3632,3,4,182),(3633,4,1,182),(3634,4,2,182),(3635,4,3,182),(3636,4,4,182),(3637,5,1,182),(3638,5,2,182),(3639,5,3,182),(3640,5,4,182),(3641,1,1,183),(3642,1,2,183),(3643,1,3,183),(3644,1,4,183),(3645,2,1,183),(3646,2,2,183),(3647,2,3,183),(3648,2,4,183),(3649,3,1,183),(3650,3,2,183),(3651,3,3,183),(3652,3,4,183),(3653,4,1,183),(3654,4,2,183),(3655,4,3,183),(3656,4,4,183),(3657,5,1,183),(3658,5,2,183),(3659,5,3,183),(3660,5,4,183),(3661,1,1,184),(3662,1,2,184),(3663,1,3,184),(3664,1,4,184),(3665,2,1,184),(3666,2,2,184),(3667,2,3,184),(3668,2,4,184),(3669,3,1,184),(3670,3,2,184),(3671,3,3,184),(3672,3,4,184),(3673,4,1,184),(3674,4,2,184),(3675,4,3,184),(3676,4,4,184),(3677,5,1,184),(3678,5,2,184),(3679,5,3,184),(3680,5,4,184),(3681,1,1,185),(3682,1,2,185),(3683,1,3,185),(3684,1,4,185),(3685,2,1,185),(3686,2,2,185),(3687,2,3,185),(3688,2,4,185),(3689,3,1,185),(3690,3,2,185),(3691,3,3,185),(3692,3,4,185),(3693,4,1,185),(3694,4,2,185),(3695,4,3,185),(3696,4,4,185),(3697,5,1,185),(3698,5,2,185),(3699,5,3,185),(3700,5,4,185),(3701,1,1,186),(3702,1,2,186),(3703,1,3,186),(3704,1,4,186),(3705,2,1,186),(3706,2,2,186),(3707,2,3,186),(3708,2,4,186),(3709,3,1,186),(3710,3,2,186),(3711,3,3,186),(3712,3,4,186),(3713,4,1,186),(3714,4,2,186),(3715,4,3,186),(3716,4,4,186),(3717,5,1,186),(3718,5,2,186),(3719,5,3,186),(3720,5,4,186),(3721,1,1,187),(3722,1,2,187),(3723,1,3,187),(3724,1,4,187),(3725,2,1,187),(3726,2,2,187),(3727,2,3,187),(3728,2,4,187),(3729,3,1,187),(3730,3,2,187),(3731,3,3,187),(3732,3,4,187),(3733,4,1,187),(3734,4,2,187),(3735,4,3,187),(3736,4,4,187),(3737,5,1,187),(3738,5,2,187),(3739,5,3,187),(3740,5,4,187),(3741,1,1,188),(3742,1,2,188),(3743,1,3,188),(3744,1,4,188),(3745,2,1,188),(3746,2,2,188),(3747,2,3,188),(3748,2,4,188),(3749,3,1,188),(3750,3,2,188),(3751,3,3,188),(3752,3,4,188),(3753,4,1,188),(3754,4,2,188),(3755,4,3,188),(3756,4,4,188),(3757,5,1,188),(3758,5,2,188),(3759,5,3,188),(3760,5,4,188),(3761,1,1,189),(3762,1,2,189),(3763,1,3,189),(3764,1,4,189),(3765,2,1,189),(3766,2,2,189),(3767,2,3,189),(3768,2,4,189),(3769,3,1,189),(3770,3,2,189),(3771,3,3,189),(3772,3,4,189),(3773,4,1,189),(3774,4,2,189),(3775,4,3,189),(3776,4,4,189),(3777,5,1,189),(3778,5,2,189),(3779,5,3,189),(3780,5,4,189),(3781,1,1,190),(3782,1,2,190),(3783,1,3,190),(3784,1,4,190),(3785,2,1,190),(3786,2,2,190),(3787,2,3,190),(3788,2,4,190),(3789,3,1,190),(3790,3,2,190),(3791,3,3,190),(3792,3,4,190),(3793,4,1,190),(3794,4,2,190),(3795,4,3,190),(3796,4,4,190),(3797,5,1,190),(3798,5,2,190),(3799,5,3,190),(3800,5,4,190),(3801,1,1,191),(3802,1,2,191),(3803,1,3,191),(3804,1,4,191),(3805,2,1,191),(3806,2,2,191),(3807,2,3,191),(3808,2,4,191),(3809,3,1,191),(3810,3,2,191),(3811,3,3,191),(3812,3,4,191),(3813,4,1,191),(3814,4,2,191),(3815,4,3,191),(3816,4,4,191),(3817,5,1,191),(3818,5,2,191),(3819,5,3,191),(3820,5,4,191),(3821,1,1,192),(3822,1,2,192),(3823,1,3,192),(3824,1,4,192),(3825,2,1,192),(3826,2,2,192),(3827,2,3,192),(3828,2,4,192),(3829,3,1,192),(3830,3,2,192),(3831,3,3,192),(3832,3,4,192),(3833,4,1,192),(3834,4,2,192),(3835,4,3,192),(3836,4,4,192),(3837,5,1,192),(3838,5,2,192),(3839,5,3,192),(3840,5,4,192),(3841,1,1,193),(3842,1,2,193),(3843,1,3,193),(3844,1,4,193),(3845,2,1,193),(3846,2,2,193),(3847,2,3,193),(3848,2,4,193),(3849,3,1,193),(3850,3,2,193),(3851,3,3,193),(3852,3,4,193),(3853,4,1,193),(3854,4,2,193),(3855,4,3,193),(3856,4,4,193),(3857,5,1,193),(3858,5,2,193),(3859,5,3,193),(3860,5,4,193);
/*!40000 ALTER TABLE `zaszlok` ENABLE KEYS */;
UNLOCK TABLES;

--
-- Final view structure for view `getall`
--

/*!50001 DROP VIEW IF EXISTS `getall`*/;
/*!50001 SET @saved_cs_client          = @@character_set_client */;
/*!50001 SET @saved_cs_results         = @@character_set_results */;
/*!50001 SET @saved_col_connection     = @@collation_connection */;
/*!50001 SET character_set_client      = utf8mb3 */;
/*!50001 SET character_set_results     = utf8mb3 */;
/*!50001 SET collation_connection      = utf8mb3_general_ci */;
/*!50001 CREATE ALGORITHM=UNDEFINED */
/*!50013 DEFINER=`root`@`localhost` SQL SECURITY DEFINER */
/*!50001 VIEW `getall` AS select `orszagok`.`id` AS `id`,`meretek`.`meret` AS `meret`,`anyagok`.`anyag` AS `anyag`,`orszagok`.`orszag` AS `orszag`,`kontinensek`.`kontinens` AS `kontinens` from ((((`zaszlok` join `meretek` on((`meretek`.`id` = `zaszlok`.`meret`))) join `anyagok` on((`anyagok`.`id` = `zaszlok`.`anyag`))) join `orszagok` on((`orszagok`.`id` = `zaszlok`.`orszagId`))) join `kontinensek` on((`kontinensek`.`id` = `orszagok`.`kont_Id`))) */;
/*!50001 SET character_set_client      = @saved_cs_client */;
/*!50001 SET character_set_results     = @saved_cs_results */;
/*!50001 SET collation_connection      = @saved_col_connection */;

--
-- Final view structure for view `view1`
--

/*!50001 DROP VIEW IF EXISTS `view1`*/;
/*!50001 SET @saved_cs_client          = @@character_set_client */;
/*!50001 SET @saved_cs_results         = @@character_set_results */;
/*!50001 SET @saved_col_connection     = @@collation_connection */;
/*!50001 SET character_set_client      = utf8mb3 */;
/*!50001 SET character_set_results     = utf8mb3 */;
/*!50001 SET collation_connection      = utf8mb3_general_ci */;
/*!50001 CREATE ALGORITHM=UNDEFINED */
/*!50013 DEFINER=`root`@`localhost` SQL SECURITY DEFINER */
/*!50001 VIEW `view1` AS select `vevo`.`nev` AS `nev`,`vevo`.`lakcim` AS `lakcim`,`vevo`.`adoszam` AS `adoszam`,`szamla`.`szamla_kelte` AS `szamla_kelte`,`orszagok`.`orszag` AS `orszag`,`meretek`.`meret` AS `meret`,`anyagok`.`anyag` AS `anyag`,`kapcsolo_zaszlok`.`darab` AS `darab`,`szamla`.`szamlaszam` AS `szamlaszam` from (((((((`vevo` join `szamla` on((`szamla`.`vevo_id` = `vevo`.`id`))) join `fizetesi_mod` on((`szamla`.`fizetesi_mod` = `fizetesi_mod`.`id`))) join `kapcsolo_zaszlok` on((`szamla`.`szamla_id` = `kapcsolo_zaszlok`.`szamla_id`))) join `zaszlok` on((`kapcsolo_zaszlok`.`zaszlo_id` = `zaszlok`.`id`))) join `meretek` on((`zaszlok`.`meret` = `meretek`.`id`))) join `orszagok` on((`zaszlok`.`orszagId` = `orszagok`.`id`))) join `anyagok` on((`anyagok`.`id` = `zaszlok`.`anyag`))) */;
/*!50001 SET character_set_client      = @saved_cs_client */;
/*!50001 SET character_set_results     = @saved_cs_results */;
/*!50001 SET collation_connection      = @saved_col_connection */;

--
-- Final view structure for view `view3`
--

/*!50001 DROP VIEW IF EXISTS `view3`*/;
/*!50001 SET @saved_cs_client          = @@character_set_client */;
/*!50001 SET @saved_cs_results         = @@character_set_results */;
/*!50001 SET @saved_col_connection     = @@collation_connection */;
/*!50001 SET character_set_client      = utf8mb3 */;
/*!50001 SET character_set_results     = utf8mb3 */;
/*!50001 SET collation_connection      = utf8mb3_general_ci */;
/*!50001 CREATE ALGORITHM=UNDEFINED */
/*!50013 DEFINER=`root`@`localhost` SQL SECURITY DEFINER */
/*!50001 VIEW `view3` AS select `orszagok`.`id` AS `id`,`orszagok`.`orszag` AS `orszag`,`kontinensek`.`kontinens` AS `kontinens`,count(`zaszlok`.`id`) AS `zaszlok_szama` from ((`orszagok` join `kontinensek` on((`kontinensek`.`id` = `orszagok`.`kont_Id`))) left join `zaszlok` on((`zaszlok`.`orszagId` = `orszagok`.`id`))) group by `orszagok`.`id`,`orszagok`.`orszag`,`kontinensek`.`kontinens` order by `orszagok`.`orszag` */;
/*!50001 SET character_set_client      = @saved_cs_client */;
/*!50001 SET character_set_results     = @saved_cs_results */;
/*!50001 SET collation_connection      = @saved_col_connection */;
/*!40103 SET TIME_ZONE=@OLD_TIME_ZONE */;

/*!40101 SET SQL_MODE=@OLD_SQL_MODE */;
/*!40014 SET FOREIGN_KEY_CHECKS=@OLD_FOREIGN_KEY_CHECKS */;
/*!40014 SET UNIQUE_CHECKS=@OLD_UNIQUE_CHECKS */;
/*!40101 SET CHARACTER_SET_CLIENT=@OLD_CHARACTER_SET_CLIENT */;
/*!40101 SET CHARACTER_SET_RESULTS=@OLD_CHARACTER_SET_RESULTS */;
/*!40101 SET COLLATION_CONNECTION=@OLD_COLLATION_CONNECTION */;
/*!40111 SET SQL_NOTES=@OLD_SQL_NOTES */;

-- Dump completed on 2025-11-24  8:12:46
